Code,VsTopix3M,VsTopix6M,VsTopix12M,TopixReturn3M,TopixReturn6M,TopixReturn12M,ComputedDate
1301,,-24.2,,-0.38,17.98,64.29,2026-10-02
1306,0.0,,,-0.38,17.98,64.29,2026-10-02
1308,0.0,,,-0.38,17.98,64.29,2026-10-02
1332,-14.8,-31.8,,-0.38,17.98,64.29,2026-10-02
1333,,-30.8,,-0.38,17.98,64.29,2026-10-02
1360,-1.7,,,-0.38,17.98,64.29,2026-10-02
1377,,-20.8,,-0.38,17.98,64.29,2026-10-02
1414,-0.7,-26.8,,-0.38,17.98,64.29,2026-10-02
1417,-10.3,-20.1,,-0.38,17.98,64.29,2026-10-02
1419,,-39.8,,-0.38,17.98,64.29,2026-10-02
1434,,-24.1,,-0.38,17.98,64.29,2026-10-02
1475,0.7,,,-0.38,17.98,64.29,2026-10-02
1515,30.0,3.9,,-0.38,17.98,64.29,2026-10-02
1518,42.7,34.2,,-0.38,17.98,64.29,2026-10-02
1550,-0.4,,,-0.38,17.98,64.29,2026-10-02
1605,14.4,-33.0,,-0.38,17.98,64.29,2026-10-02
1658,-3.9,,,-0.38,17.98,64.29,2026-10-02
1662,,-42.3,,-0.38,17.98,64.29,2026-10-02
1663,,-69.7,,-0.38,17.98,64.29,2026-10-02
167A,,-0.6,,-0.38,17.98,64.29,2026-10-02
1719,,-25.4,,-0.38,17.98,64.29,2026-10-02
1720,,-30.6,,-0.38,17.98,64.29,2026-10-02
1721,1.0,-9.5,,-0.38,17.98,64.29,2026-10-02
1766,1.4,-22.0,,-0.38,17.98,64.29,2026-10-02
1801,,-36.0,,-0.38,17.98,64.29,2026-10-02
1802,,-33.6,,-0.38,17.98,64.29,2026-10-02
1803,-19.3,-38.4,,-0.38,17.98,64.29,2026-10-02
1808,,-24.4,,-0.38,17.98,64.29,2026-10-02
1812,-20.0,-31.7,,-0.38,17.98,64.29,2026-10-02
1813,,-19.4,,-0.38,17.98,64.29,2026-10-02
1820,,-23.2,,-0.38,17.98,64.29,2026-10-02
1833,,-29.5,,-0.38,17.98,64.29,2026-10-02
1835,,-42.6,,-0.38,17.98,64.29,2026-10-02
1852,,-26.5,,-0.38,17.98,64.29,2026-10-02
1860,-12.8,-19.5,,-0.38,17.98,64.29,2026-10-02
1861,,-34.0,,-0.38,17.98,64.29,2026-10-02
1866,,-23.7,,-0.38,17.98,64.29,2026-10-02
1870,,-17.6,,-0.38,17.98,64.29,2026-10-02
1878,,-29.6,,-0.38,17.98,64.29,2026-10-02
1879,4.4,-4.9,,-0.38,17.98,64.29,2026-10-02
1882,0.5,-23.8,,-0.38,17.98,64.29,2026-10-02
1885,,-45.2,,-0.38,17.98,64.29,2026-10-02
1887,,-26.2,,-0.38,17.98,64.29,2026-10-02
1893,-14.8,-31.3,,-0.38,17.98,64.29,2026-10-02
1898,,-20.2,-39.4,-0.38,17.98,64.29,2026-10-02
1904,-75.3,-79.8,-81.5,-0.38,17.98,64.29,2026-10-02
1911,,-29.3,,-0.38,17.98,64.29,2026-10-02
1925,,-27.4,,-0.38,17.98,64.29,2026-10-02
1926,,-18.0,,-0.38,17.98,64.29,2026-10-02
1928,,-21.2,,-0.38,17.98,64.29,2026-10-02
1934,,-19.0,,-0.38,17.98,64.29,2026-10-02
1939,,-1.6,,-0.38,17.98,64.29,2026-10-02
1941,-5.4,-7.8,,-0.38,17.98,64.29,2026-10-02
1942,,-23.5,,-0.38,17.98,64.29,2026-10-02
1944,,-19.4,,-0.38,17.98,64.29,2026-10-02
1950,,-32.1,,-0.38,17.98,64.29,2026-10-02
1951,-6.1,-23.2,,-0.38,17.98,64.29,2026-10-02
1952,,-22.8,,-0.38,17.98,64.29,2026-10-02
1959,-12.5,-28.9,,-0.38,17.98,64.29,2026-10-02
1961,,-69.1,,-0.38,17.98,64.29,2026-10-02
1963,,-22.9,,-0.38,17.98,64.29,2026-10-02
1968,-5.0,-30.4,,-0.38,17.98,64.29,2026-10-02
1969,,-11.1,,-0.38,17.98,64.29,2026-10-02
1975,,-8.7,,-0.38,17.98,64.29,2026-10-02
1979,,-8.2,,-0.38,17.98,64.29,2026-10-02
1980,,-7.5,,-0.38,17.98,64.29,2026-10-02
2001,,-14.9,,-0.38,17.98,64.29,2026-10-02
2002,,-23.6,,-0.38,17.98,64.29,2026-10-02
2109,,-7.9,,-0.38,17.98,64.29,2026-10-02
2121,,23.3,,-0.38,17.98,64.29,2026-10-02
2124,,4.8,,-0.38,17.98,64.29,2026-10-02
2127,-6.2,-20.0,,-0.38,17.98,64.29,2026-10-02
2146,,2.8,,-0.38,17.98,64.29,2026-10-02
2148,-4.2,-39.6,,-0.38,17.98,64.29,2026-10-02
2154,4.2,-6.5,,-0.38,17.98,64.29,2026-10-02
2157,1.0,-25.6,,-0.38,17.98,64.29,2026-10-02
2168,,-34.8,,-0.38,17.98,64.29,2026-10-02
2175,,29.6,,-0.38,17.98,64.29,2026-10-02
2181,,-0.5,,-0.38,17.98,64.29,2026-10-02
2201,,-29.3,-44.1,-0.38,17.98,64.29,2026-10-02
2206,,-29.0,,-0.38,17.98,64.29,2026-10-02
2212,,-17.6,,-0.38,17.98,64.29,2026-10-02
2220,,-31.2,,-0.38,17.98,64.29,2026-10-02
2221,,-19.2,,-0.38,17.98,64.29,2026-10-02
2222,,7.5,,-0.38,17.98,64.29,2026-10-02
2229,,-18.9,,-0.38,17.98,64.29,2026-10-02
2251,4.0,,,-0.38,17.98,64.29,2026-10-02
2264,-19.7,-82.3,,-0.38,17.98,64.29,2026-10-02
2267,,-14.6,,-0.38,17.98,64.29,2026-10-02
2269,,-13.5,,-0.38,17.98,64.29,2026-10-02
2270,,-10.1,,-0.38,17.98,64.29,2026-10-02
2281,,-31.3,,-0.38,17.98,64.29,2026-10-02
2282,,-31.5,,-0.38,17.98,64.29,2026-10-02
2292,-0.5,-26.5,,-0.38,17.98,64.29,2026-10-02
2296,,-30.4,,-0.38,17.98,64.29,2026-10-02
2303,3.0,-59.3,,-0.38,17.98,64.29,2026-10-02
2317,,-14.2,,-0.38,17.98,64.29,2026-10-02
2326,,-19.8,,-0.38,17.98,64.29,2026-10-02
2327,,-15.2,,-0.38,17.98,64.29,2026-10-02
2331,,-23.4,,-0.38,17.98,64.29,2026-10-02
2337,,-34.4,,-0.38,17.98,64.29,2026-10-02
2341,,-23.7,,-0.38,17.98,64.29,2026-10-02
2353,,-21.9,,-0.38,17.98,64.29,2026-10-02
2371,,45.1,,-0.38,17.98,64.29,2026-10-02
2379,-2.4,-27.9,,-0.38,17.98,64.29,2026-10-02
2384,,1.1,,-0.38,17.98,64.29,2026-10-02
2410,-10.7,-12.0,,-0.38,17.98,64.29,2026-10-02
2413,-5.4,-8.5,,-0.38,17.98,64.29,2026-10-02
2432,-4.6,-16.2,,-0.38,17.98,64.29,2026-10-02
2433,,5.2,,-0.38,17.98,64.29,2026-10-02
2492,,32.8,,-0.38,17.98,64.29,2026-10-02
2501,,-12.2,,-0.38,17.98,64.29,2026-10-02
2502,,-18.8,,-0.38,17.98,64.29,2026-10-02
2503,,-6.4,,-0.38,17.98,64.29,2026-10-02
2527,-8.6,,,-0.38,17.98,64.29,2026-10-02
2531,,32.4,,-0.38,17.98,64.29,2026-10-02
2555,-8.1,,,-0.38,17.98,64.29,2026-10-02
2561,-1.8,,-44.7,-0.38,17.98,64.29,2026-10-02
2579,,-5.6,,-0.38,17.98,64.29,2026-10-02
2585,,-19.8,,-0.38,17.98,64.29,2026-10-02
2587,,-17.9,,-0.38,17.98,64.29,2026-10-02
2590,6.3,,,-0.38,17.98,64.29,2026-10-02
2602,,-12.6,,-0.38,17.98,64.29,2026-10-02
2607,,0.3,,-0.38,17.98,64.29,2026-10-02
2633,0.5,,,-0.38,17.98,64.29,2026-10-02
2649,-5.5,,,-0.38,17.98,64.29,2026-10-02
2659,0.5,-13.1,,-0.38,17.98,64.29,2026-10-02
2664,,5.3,,-0.38,17.98,64.29,2026-10-02
2670,,-14.9,,-0.38,17.98,64.29,2026-10-02
2678,,-11.8,,-0.38,17.98,64.29,2026-10-02
2681,,6.6,,-0.38,17.98,64.29,2026-10-02
2685,,-17.2,-31.3,-0.38,17.98,64.29,2026-10-02
268A,,-35.5,,-0.38,17.98,64.29,2026-10-02
2695,4.6,,,-0.38,17.98,64.29,2026-10-02
2702,-2.4,-25.1,,-0.38,17.98,64.29,2026-10-02
2705,13.2,8.4,,-0.38,17.98,64.29,2026-10-02
2722,,-21.9,,-0.38,17.98,64.29,2026-10-02
2726,,-17.7,,-0.38,17.98,64.29,2026-10-02
2730,7.1,-8.5,,-0.38,17.98,64.29,2026-10-02
2733,,-29.1,,-0.38,17.98,64.29,2026-10-02
2734,,-6.4,,-0.38,17.98,64.29,2026-10-02
2749,4.4,-21.1,,-0.38,17.98,64.29,2026-10-02
2752,,-11.4,,-0.38,17.98,64.29,2026-10-02
2760,17.9,26.0,,-0.38,17.98,64.29,2026-10-02
2767,83.2,46.1,,-0.38,17.98,64.29,2026-10-02
2768,,-26.2,,-0.38,17.98,64.29,2026-10-02
2784,,-27.6,,-0.38,17.98,64.29,2026-10-02
2791,,-26.7,,-0.38,17.98,64.29,2026-10-02
2801,,-10.4,,-0.38,17.98,64.29,2026-10-02
2802,-15.2,-4.2,,-0.38,17.98,64.29,2026-10-02
2809,,-12.1,,-0.38,17.98,64.29,2026-10-02
2810,,8.5,,-0.38,17.98,64.29,2026-10-02
2811,,-22.5,,-0.38,17.98,64.29,2026-10-02
285A,,124.6,,-0.38,17.98,64.29,2026-10-02
2871,,-12.0,,-0.38,17.98,64.29,2026-10-02
2874,,-0.8,,-0.38,17.98,64.29,2026-10-02
2875,,-27.0,,-0.38,17.98,64.29,2026-10-02
2897,-1.2,-22.8,,-0.38,17.98,64.29,2026-10-02
2914,13.2,-5.2,,-0.38,17.98,64.29,2026-10-02
2918,,-27.1,,-0.38,17.98,64.29,2026-10-02
2923,-16.7,,,-0.38,17.98,64.29,2026-10-02
2926,,-3.9,,-0.38,17.98,64.29,2026-10-02
2931,,-30.7,,-0.38,17.98,64.29,2026-10-02
3002,0.9,-10.7,,-0.38,17.98,64.29,2026-10-02
3003,,-24.0,,-0.38,17.98,64.29,2026-10-02
3028,,-4.2,,-0.38,17.98,64.29,2026-10-02
3034,22.0,3.6,,-0.38,17.98,64.29,2026-10-02
3036,35.0,8.3,-1.8,-0.38,17.98,64.29,2026-10-02
3046,,-11.2,,-0.38,17.98,64.29,2026-10-02
3048,,-21.9,,-0.38,17.98,64.29,2026-10-02
3050,,-22.0,,-0.38,17.98,64.29,2026-10-02
3064,,-0.7,,-0.38,17.98,64.29,2026-10-02
3076,,-8.6,,-0.38,17.98,64.29,2026-10-02
3086,,-14.0,,-0.38,17.98,64.29,2026-10-02
3087,16.0,-10.9,,-0.38,17.98,64.29,2026-10-02
3088,,-20.7,,-0.38,17.98,64.29,2026-10-02
3091,,-45.9,,-0.38,17.98,64.29,2026-10-02
3092,,-18.6,,-0.38,17.98,64.29,2026-10-02
3097,,-2.9,,-0.38,17.98,64.29,2026-10-02
3099,-17.8,-10.7,,-0.38,17.98,64.29,2026-10-02
3101,,-0.6,,-0.38,17.98,64.29,2026-10-02
3105,9.2,50.4,,-0.38,17.98,64.29,2026-10-02
3106,,8.9,,-0.38,17.98,64.29,2026-10-02
3107,,-3.0,,-0.38,17.98,64.29,2026-10-02
3110,-6.7,-86.1,,-0.38,17.98,64.29,2026-10-02
3116,,-26.3,,-0.38,17.98,64.29,2026-10-02
3132,32.1,54.7,,-0.38,17.98,64.29,2026-10-02
3138,,-9.3,,-0.38,17.98,64.29,2026-10-02
3148,,-18.0,,-0.38,17.98,64.29,2026-10-02
3167,,-3.7,,-0.38,17.98,64.29,2026-10-02
3168,-2.4,-17.3,,-0.38,17.98,64.29,2026-10-02
3176,,-38.6,,-0.38,17.98,64.29,2026-10-02
3186,,-30.8,,-0.38,17.98,64.29,2026-10-02
3191,,-12.3,,-0.38,17.98,64.29,2026-10-02
3197,11.6,-22.8,,-0.38,17.98,64.29,2026-10-02
3201,6.5,-13.9,,-0.38,17.98,64.29,2026-10-02
3221,-6.1,-28.9,,-0.38,17.98,64.29,2026-10-02
3222,,-27.1,,-0.38,17.98,64.29,2026-10-02
3231,-9.3,-30.7,,-0.38,17.98,64.29,2026-10-02
3236,1.5,-31.8,,-0.38,17.98,64.29,2026-10-02
3277,,-51.1,,-0.38,17.98,64.29,2026-10-02
3288,-13.9,-39.5,,-0.38,17.98,64.29,2026-10-02
3289,,-25.2,,-0.38,17.98,64.29,2026-10-02
3291,,-26.8,,-0.38,17.98,64.29,2026-10-02
3306,,-2.3,,-0.38,17.98,64.29,2026-10-02
3323,,-15.2,,-0.38,17.98,64.29,2026-10-02
3349,,-21.1,,-0.38,17.98,64.29,2026-10-02
3360,,-16.9,,-0.38,17.98,64.29,2026-10-02
3382,,-23.1,,-0.38,17.98,64.29,2026-10-02
3387,,-18.7,,-0.38,17.98,64.29,2026-10-02
3391,,-30.3,,-0.38,17.98,64.29,2026-10-02
3395,,-31.4,,-0.38,17.98,64.29,2026-10-02
3397,,-21.8,,-0.38,17.98,64.29,2026-10-02
3401,,-18.0,,-0.38,17.98,64.29,2026-10-02
3402,4.7,-8.3,,-0.38,17.98,64.29,2026-10-02
3405,2.9,-10.7,,-0.38,17.98,64.29,2026-10-02
3407,-11.5,-11.4,,-0.38,17.98,64.29,2026-10-02
3431,-2.0,-27.1,,-0.38,17.98,64.29,2026-10-02
3433,,-3.6,,-0.38,17.98,64.29,2026-10-02
3436,,75.0,,-0.38,17.98,64.29,2026-10-02
3445,,49.1,,-0.38,17.98,64.29,2026-10-02
3449,-43.9,51.4,,-0.38,17.98,64.29,2026-10-02
3465,-16.1,-23.8,,-0.38,17.98,64.29,2026-10-02
3472,0.2,,,-0.38,17.98,64.29,2026-10-02
3498,6.5,-5.9,,-0.38,17.98,64.29,2026-10-02
3513,1.1,-18.2,,-0.38,17.98,64.29,2026-10-02
3543,,-23.2,,-0.38,17.98,64.29,2026-10-02
3549,18.5,-2.4,,-0.38,17.98,64.29,2026-10-02
3558,15.1,2.6,,-0.38,17.98,64.29,2026-10-02
3563,,-56.0,,-0.38,17.98,64.29,2026-10-02
3569,,-11.6,,-0.38,17.98,64.29,2026-10-02
3591,-18.1,-25.9,,-0.38,17.98,64.29,2026-10-02
3608,,-7.8,,-0.38,17.98,64.29,2026-10-02
3612,-3.6,-18.0,,-0.38,17.98,64.29,2026-10-02
3626,,-2.3,,-0.38,17.98,64.29,2026-10-02
3627,,-16.2,,-0.38,17.98,64.29,2026-10-02
3635,,-13.0,,-0.38,17.98,64.29,2026-10-02
3636,,-14.2,,-0.38,17.98,64.29,2026-10-02
3659,,-14.7,,-0.38,17.98,64.29,2026-10-02
3660,23.8,-8.6,,-0.38,17.98,64.29,2026-10-02
3661,,0.2,,-0.38,17.98,64.29,2026-10-02
3668,,-20.9,,-0.38,17.98,64.29,2026-10-02
3673,,-59.7,,-0.38,17.98,64.29,2026-10-02
3697,26.2,15.5,,-0.38,17.98,64.29,2026-10-02
3727,,-25.8,,-0.38,17.98,64.29,2026-10-02
3762,39.2,17.8,,-0.38,17.98,64.29,2026-10-02
3765,,-20.6,,-0.38,17.98,64.29,2026-10-02
3769,,-15.8,,-0.38,17.98,64.29,2026-10-02
3773,,-21.7,,-0.38,17.98,64.29,2026-10-02
3774,,16.1,,-0.38,17.98,64.29,2026-10-02
3778,,12.3,,-0.38,17.98,64.29,2026-10-02
3779,,-33.1,,-0.38,17.98,64.29,2026-10-02
3816,-1.7,,,-0.38,17.98,64.29,2026-10-02
3835,4.8,-13.0,,-0.38,17.98,64.29,2026-10-02
3844,-4.9,-27.0,,-0.38,17.98,64.29,2026-10-02
3861,,-16.9,,-0.38,17.98,64.29,2026-10-02
3863,,-12.7,,-0.38,17.98,64.29,2026-10-02
3865,,-22.3,,-0.38,17.98,64.29,2026-10-02
3880,2.1,-20.1,,-0.38,17.98,64.29,2026-10-02
3914,,-16.6,,-0.38,17.98,64.29,2026-10-02
3923,,13.6,,-0.38,17.98,64.29,2026-10-02
3941,7.5,2.2,,-0.38,17.98,64.29,2026-10-02
3962,,-10.0,,-0.38,17.98,64.29,2026-10-02
3985,,-19.5,,-0.38,17.98,64.29,2026-10-02
3993,,-2.2,,-0.38,17.98,64.29,2026-10-02
3994,32.4,37.8,,-0.38,17.98,64.29,2026-10-02
4004,,29.6,,-0.38,17.98,64.29,2026-10-02
4005,,-7.9,,-0.38,17.98,64.29,2026-10-02
4008,,2.9,,-0.38,17.98,64.29,2026-10-02
4013,,-16.8,,-0.38,17.98,64.29,2026-10-02
4021,-2.4,15.1,,-0.38,17.98,64.29,2026-10-02
4023,,-17.7,,-0.38,17.98,64.29,2026-10-02
4028,,-16.1,,-0.38,17.98,64.29,2026-10-02
4041,0.1,-14.1,,-0.38,17.98,64.29,2026-10-02
4042,-7.6,-5.7,,-0.38,17.98,64.29,2026-10-02
4043,-19.0,-7.2,,-0.38,17.98,64.29,2026-10-02
4044,2.2,-7.0,,-0.38,17.98,64.29,2026-10-02
4045,,-13.0,,-0.38,17.98,64.29,2026-10-02
4046,8.8,-0.2,,-0.38,17.98,64.29,2026-10-02
4047,-29.8,50.3,,-0.38,17.98,64.29,2026-10-02
4061,,-28.9,,-0.38,17.98,64.29,2026-10-02
4062,,149.8,,-0.38,17.98,64.29,2026-10-02
4063,,-20.8,,-0.38,17.98,64.29,2026-10-02
4071,-29.9,,,-0.38,17.98,64.29,2026-10-02
4078,,-12.3,,-0.38,17.98,64.29,2026-10-02
4091,,-22.8,,-0.38,17.98,64.29,2026-10-02
4095,,2.3,,-0.38,17.98,64.29,2026-10-02
4109,,-8.6,,-0.38,17.98,64.29,2026-10-02
4114,21.3,-4.3,,-0.38,17.98,64.29,2026-10-02
4118,,1.5,,-0.38,17.98,64.29,2026-10-02
4151,-16.0,-27.3,,-0.38,17.98,64.29,2026-10-02
4166,-3.7,-20.5,,-0.38,17.98,64.29,2026-10-02
417A,,-19.4,,-0.38,17.98,64.29,2026-10-02
4180,,45.7,,-0.38,17.98,64.29,2026-10-02
4182,-21.0,-12.8,,-0.38,17.98,64.29,2026-10-02
4183,-3.3,-5.3,,-0.38,17.98,64.29,2026-10-02
4186,,-2.0,,-0.38,17.98,64.29,2026-10-02
4187,-23.0,6.4,,-0.38,17.98,64.29,2026-10-02
4188,-1.3,5.2,,-0.38,17.98,64.29,2026-10-02
4189,,2.7,,-0.38,17.98,64.29,2026-10-02
4202,,-4.0,,-0.38,17.98,64.29,2026-10-02
4203,,45.4,,-0.38,17.98,64.29,2026-10-02
4204,,-20.0,,-0.38,17.98,64.29,2026-10-02
4205,,15.5,,-0.38,17.98,64.29,2026-10-02
4206,,-3.0,,-0.38,17.98,64.29,2026-10-02
4208,,14.4,,-0.38,17.98,64.29,2026-10-02
4212,10.5,11.5,,-0.38,17.98,64.29,2026-10-02
4216,2.7,7.6,,-0.38,17.98,64.29,2026-10-02
4218,,-16.1,,-0.38,17.98,64.29,2026-10-02
4224,,-7.1,,-0.38,17.98,64.29,2026-10-02
4243,,7.5,,-0.38,17.98,64.29,2026-10-02
4247,,-8.4,,-0.38,17.98,64.29,2026-10-02
4272,2.8,-0.4,,-0.38,17.98,64.29,2026-10-02
4290,,-18.1,,-0.38,17.98,64.29,2026-10-02
4307,,-3.4,,-0.38,17.98,64.29,2026-10-02
4324,,9.3,,-0.38,17.98,64.29,2026-10-02
4343,,-9.5,,-0.38,17.98,64.29,2026-10-02
4351,,-17.6,,-0.38,17.98,64.29,2026-10-02
4368,,0.5,,-0.38,17.98,64.29,2026-10-02
4373,13.5,17.3,,-0.38,17.98,64.29,2026-10-02
4374,,-56.8,,-0.38,17.98,64.29,2026-10-02
4382,19.6,,,-0.38,17.98,64.29,2026-10-02
4385,,-24.2,,-0.38,17.98,64.29,2026-10-02
4401,,4.9,,-0.38,17.98,64.29,2026-10-02
4403,-10.5,-34.3,,-0.38,17.98,64.29,2026-10-02
4410,,3.7,,-0.38,17.98,64.29,2026-10-02
4412,,-31.4,,-0.38,17.98,64.29,2026-10-02
4414,-5.1,-6.5,,-0.38,17.98,64.29,2026-10-02
4429,1.2,-35.7,,-0.38,17.98,64.29,2026-10-02
4432,35.7,5.6,,-0.38,17.98,64.29,2026-10-02
4437,-9.1,-32.5,,-0.38,17.98,64.29,2026-10-02
4443,,44.2,,-0.38,17.98,64.29,2026-10-02
4452,,-52.5,,-0.38,17.98,64.29,2026-10-02
4471,,13.1,,-0.38,17.98,64.29,2026-10-02
4479,,-8.8,,-0.38,17.98,64.29,2026-10-02
4480,,-0.4,,-0.38,17.98,64.29,2026-10-02
4483,20.3,-9.1,,-0.38,17.98,64.29,2026-10-02
4484,,-16.7,,-0.38,17.98,64.29,2026-10-02
4502,,-17.6,,-0.38,17.98,64.29,2026-10-02
4503,,-26.4,,-0.38,17.98,64.29,2026-10-02
4506,,-32.4,,-0.38,17.98,64.29,2026-10-02
4507,,-33.7,,-0.38,17.98,64.29,2026-10-02
4516,-17.7,-46.1,,-0.38,17.98,64.29,2026-10-02
4519,,-41.8,,-0.38,17.98,64.29,2026-10-02
4521,,-23.7,,-0.38,17.98,64.29,2026-10-02
4523,10.9,-20.8,,-0.38,17.98,64.29,2026-10-02
4527,16.3,-4.1,,-0.38,17.98,64.29,2026-10-02
4528,,-23.4,,-0.38,17.98,64.29,2026-10-02
4536,,-23.6,,-0.38,17.98,64.29,2026-10-02
4539,1.3,-22.9,,-0.38,17.98,64.29,2026-10-02
4540,,-18.3,,-0.38,17.98,64.29,2026-10-02
4543,,-12.9,,-0.38,17.98,64.29,2026-10-02
4544,,-9.3,,-0.38,17.98,64.29,2026-10-02
4547,-9.3,-35.0,,-0.38,17.98,64.29,2026-10-02
4549,,-42.0,,-0.38,17.98,64.29,2026-10-02
4552,,-29.3,,-0.38,17.98,64.29,2026-10-02
4553,-10.6,-29.0,,-0.38,17.98,64.29,2026-10-02
4559,-7.0,-29.7,,-0.38,17.98,64.29,2026-10-02
4565,,2.9,,-0.38,17.98,64.29,2026-10-02
4568,,-19.8,,-0.38,17.98,64.29,2026-10-02
4569,-9.2,-46.7,,-0.38,17.98,64.29,2026-10-02
4578,0.6,-14.5,,-0.38,17.98,64.29,2026-10-02
4587,,-25.9,,-0.38,17.98,64.29,2026-10-02
4588,,123.7,,-0.38,17.98,64.29,2026-10-02
4598,-16.2,-49.1,,-0.38,17.98,64.29,2026-10-02
4612,,-0.3,,-0.38,17.98,64.29,2026-10-02
4613,,-6.0,,-0.38,17.98,64.29,2026-10-02
4617,2.3,-13.4,,-0.38,17.98,64.29,2026-10-02
4620,2.5,-22.6,,-0.38,17.98,64.29,2026-10-02
4626,-3.4,-14.3,,-0.38,17.98,64.29,2026-10-02
4631,,12.4,,-0.38,17.98,64.29,2026-10-02
4634,,12.3,,-0.38,17.98,64.29,2026-10-02
4657,,-20.9,,-0.38,17.98,64.29,2026-10-02
4661,,-12.6,,-0.38,17.98,64.29,2026-10-02
4662,,-15.5,,-0.38,17.98,64.29,2026-10-02
4665,,-7.2,,-0.38,17.98,64.29,2026-10-02
4666,-11.8,,,-0.38,17.98,64.29,2026-10-02
4676,,-20.9,,-0.38,17.98,64.29,2026-10-02
4680,-0.9,22.9,,-0.38,17.98,64.29,2026-10-02
4681,-1.2,-18.5,,-0.38,17.98,64.29,2026-10-02
4684,,8.9,,-0.38,17.98,64.29,2026-10-02
4686,,7.5,,-0.38,17.98,64.29,2026-10-02
4689,,7.3,,-0.38,17.98,64.29,2026-10-02
4691,,6.8,,-0.38,17.98,64.29,2026-10-02
4694,,-25.3,,-0.38,17.98,64.29,2026-10-02
4704,,8.4,,-0.38,17.98,64.29,2026-10-02
4716,,-6.6,,-0.38,17.98,64.29,2026-10-02
4719,,-20.8,,-0.38,17.98,64.29,2026-10-02
4722,,26.9,,-0.38,17.98,64.29,2026-10-02
4732,,-9.1,,-0.38,17.98,64.29,2026-10-02
4733,27.3,9.6,,-0.38,17.98,64.29,2026-10-02
4746,,-60.5,,-0.38,17.98,64.29,2026-10-02
4751,,-22.2,,-0.38,17.98,64.29,2026-10-02
4768,,1.3,,-0.38,17.98,64.29,2026-10-02
4776,,23.7,,-0.38,17.98,64.29,2026-10-02
4784,,-40.9,,-0.38,17.98,64.29,2026-10-02
4809,,-19.3,,-0.38,17.98,64.29,2026-10-02
4812,5.2,,,-0.38,17.98,64.29,2026-10-02
4816,,-7.4,,-0.38,17.98,64.29,2026-10-02
4819,,1.0,,-0.38,17.98,64.29,2026-10-02
4825,,-16.3,,-0.38,17.98,64.29,2026-10-02
4849,,29.4,,-0.38,17.98,64.29,2026-10-02
4887,,-41.5,,-0.38,17.98,64.29,2026-10-02
4889,-27.6,-44.3,,-0.38,17.98,64.29,2026-10-02
4901,-8.1,-9.7,,-0.38,17.98,64.29,2026-10-02
4902,,-1.0,,-0.38,17.98,64.29,2026-10-02
4911,18.2,-18.3,,-0.38,17.98,64.29,2026-10-02
4912,0.6,-11.7,,-0.38,17.98,64.29,2026-10-02
4914,9.7,-13.2,,-0.38,17.98,64.29,2026-10-02
4919,,-0.7,,-0.38,17.98,64.29,2026-10-02
4922,,-24.6,,-0.38,17.98,64.29,2026-10-02
4927,,-15.4,,-0.38,17.98,64.29,2026-10-02
4928,,-17.2,,-0.38,17.98,64.29,2026-10-02
4958,0.5,-3.4,,-0.38,17.98,64.29,2026-10-02
4966,,-13.3,,-0.38,17.98,64.29,2026-10-02
4967,,-0.8,,-0.38,17.98,64.29,2026-10-02
4971,,-9.9,,-0.38,17.98,64.29,2026-10-02
4975,,-9.3,,-0.38,17.98,64.29,2026-10-02
4980,-20.8,32.2,,-0.38,17.98,64.29,2026-10-02
4985,,-19.7,-44.2,-0.38,17.98,64.29,2026-10-02
5016,,-16.2,,-0.38,17.98,64.29,2026-10-02
5019,28.9,-17.1,,-0.38,17.98,64.29,2026-10-02
5020,,-21.0,,-0.38,17.98,64.29,2026-10-02
5021,7.4,-22.2,,-0.38,17.98,64.29,2026-10-02
5032,26.5,,,-0.38,17.98,64.29,2026-10-02
5035,,-23.1,,-0.38,17.98,64.29,2026-10-02
5076,,1.3,,-0.38,17.98,64.29,2026-10-02
5101,,-0.6,,-0.38,17.98,64.29,2026-10-02
5105,1.3,-12.0,,-0.38,17.98,64.29,2026-10-02
5108,7.9,-4.0,,-0.38,17.98,64.29,2026-10-02
5122,,-13.4,,-0.38,17.98,64.29,2026-10-02
5161,,-20.9,,-0.38,17.98,64.29,2026-10-02
5192,,-14.0,,-0.38,17.98,64.29,2026-10-02
5201,,-13.0,,-0.38,17.98,64.29,2026-10-02
5202,3.5,-11.9,,-0.38,17.98,64.29,2026-10-02
5208,1.0,2.0,,-0.38,17.98,64.29,2026-10-02
5214,-20.1,-33.0,,-0.38,17.98,64.29,2026-10-02
5232,,26.1,,-0.38,17.98,64.29,2026-10-02
5233,,-1.6,,-0.38,17.98,64.29,2026-10-02
5262,,-17.7,,-0.38,17.98,64.29,2026-10-02
5301,32.3,97.1,,-0.38,17.98,64.29,2026-10-02
5302,,-5.6,-25.6,-0.38,17.98,64.29,2026-10-02
5310,1.7,22.1,,-0.38,17.98,64.29,2026-10-02
5331,,-1.7,,-0.38,17.98,64.29,2026-10-02
5332,,-0.8,,-0.38,17.98,64.29,2026-10-02
5333,-24.5,15.3,,-0.38,17.98,64.29,2026-10-02
5334,-31.3,-15.2,,-0.38,17.98,64.29,2026-10-02
5341,,-47.0,,-0.38,17.98,64.29,2026-10-02
5351,-0.4,-21.3,,-0.38,17.98,64.29,2026-10-02
5380,,-28.9,,-0.38,17.98,64.29,2026-10-02
5384,-20.4,8.9,,-0.38,17.98,64.29,2026-10-02
5393,,4.0,,-0.38,17.98,64.29,2026-10-02
5401,,-6.9,,-0.38,17.98,64.29,2026-10-02
5406,,-13.1,,-0.38,17.98,64.29,2026-10-02
5410,,-34.2,,-0.38,17.98,64.29,2026-10-02
5411,7.3,-21.7,,-0.38,17.98,64.29,2026-10-02
5423,,-26.0,,-0.38,17.98,64.29,2026-10-02
5440,,-33.9,,-0.38,17.98,64.29,2026-10-02
5444,-3.3,-16.5,,-0.38,17.98,64.29,2026-10-02
5445,,-17.4,,-0.38,17.98,64.29,2026-10-02
5451,,-16.8,,-0.38,17.98,64.29,2026-10-02
5461,,-29.8,,-0.38,17.98,64.29,2026-10-02
5463,,-3.2,,-0.38,17.98,64.29,2026-10-02
5471,,12.4,,-0.38,17.98,64.29,2026-10-02
5480,9.3,-5.7,,-0.38,17.98,64.29,2026-10-02
5482,,-12.1,,-0.38,17.98,64.29,2026-10-02
5491,,-15.2,,-0.38,17.98,64.29,2026-10-02
5563,-1.4,-13.5,,-0.38,17.98,64.29,2026-10-02
5602,13.1,-12.0,,-0.38,17.98,64.29,2026-10-02
5631,,-36.0,,-0.38,17.98,64.29,2026-10-02
5659,,-12.7,,-0.38,17.98,64.29,2026-10-02
5702,15.7,0.8,,-0.38,17.98,64.29,2026-10-02
5703,3.1,-16.2,,-0.38,17.98,64.29,2026-10-02
5706,,-31.3,,-0.38,17.98,64.29,2026-10-02
5711,9.8,-18.6,,-0.38,17.98,64.29,2026-10-02
5713,,-12.7,,-0.38,17.98,64.29,2026-10-02
5714,,-18.9,,-0.38,17.98,64.29,2026-10-02
5715,,-23.4,,-0.38,17.98,64.29,2026-10-02
5726,,-24.9,,-0.38,17.98,64.29,2026-10-02
5801,11.1,-89.5,,-0.38,17.98,64.29,2026-10-02
5802,,-77.9,,-0.38,17.98,64.29,2026-10-02
5803,,2.8,,-0.38,17.98,64.29,2026-10-02
5805,13.1,-6.1,,-0.38,17.98,64.29,2026-10-02
5830,,6.5,,-0.38,17.98,64.29,2026-10-02
5831,,9.8,,-0.38,17.98,64.29,2026-10-02
5832,,5.4,,-0.38,17.98,64.29,2026-10-02
5838,,-11.9,-52.6,-0.38,17.98,64.29,2026-10-02
5844,0.3,-8.0,,-0.38,17.98,64.29,2026-10-02
5851,5.5,-7.5,,-0.38,17.98,64.29,2026-10-02
5857,,-18.4,-6.3,-0.38,17.98,64.29,2026-10-02
5901,,7.7,,-0.38,17.98,64.29,2026-10-02
5911,,-18.3,,-0.38,17.98,64.29,2026-10-02
5929,,-18.5,,-0.38,17.98,64.29,2026-10-02
5930,,-20.0,,-0.38,17.98,64.29,2026-10-02
5938,,-13.1,,-0.38,17.98,64.29,2026-10-02
5943,-6.6,-22.3,,-0.38,17.98,64.29,2026-10-02
5945,-7.5,-21.1,,-0.38,17.98,64.29,2026-10-02
5947,,-22.5,,-0.38,17.98,64.29,2026-10-02
5949,2.5,-20.4,,-0.38,17.98,64.29,2026-10-02
5970,,-1.5,,-0.38,17.98,64.29,2026-10-02
5975,24.4,14.2,,-0.38,17.98,64.29,2026-10-02
5981,,-20.8,,-0.38,17.98,64.29,2026-10-02
5982,,-13.3,,-0.38,17.98,64.29,2026-10-02
5984,,-15.9,,-0.38,17.98,64.29,2026-10-02
5988,,-15.9,,-0.38,17.98,64.29,2026-10-02
5991,-15.2,17.4,,-0.38,17.98,64.29,2026-10-02
6005,,-22.7,,-0.38,17.98,64.29,2026-10-02
6013,-18.6,-8.8,,-0.38,17.98,64.29,2026-10-02
6036,,-8.3,,-0.38,17.98,64.29,2026-10-02
6055,,22.3,,-0.38,17.98,64.29,2026-10-02
6071,8.9,9.9,,-0.38,17.98,64.29,2026-10-02
6073,,-23.3,,-0.38,17.98,64.29,2026-10-02
6080,19.9,17.5,,-0.38,17.98,64.29,2026-10-02
6088,,-24.0,,-0.38,17.98,64.29,2026-10-02
6098,40.5,103.7,,-0.38,17.98,64.29,2026-10-02
6101,,35.6,,-0.38,17.98,64.29,2026-10-02
6103,,7.7,,-0.38,17.98,64.29,2026-10-02
6104,,7.0,,-0.38,17.98,64.29,2026-10-02
6113,,-0.4,,-0.38,17.98,64.29,2026-10-02
6118,3.1,-10.9,,-0.38,17.98,64.29,2026-10-02
6134,,39.0,,-0.38,17.98,64.29,2026-10-02
6135,,16.6,,-0.38,17.98,64.29,2026-10-02
6136,,17.2,,-0.38,17.98,64.29,2026-10-02
6140,,-21.2,,-0.38,17.98,64.29,2026-10-02
6141,-23.8,-2.5,,-0.38,17.98,64.29,2026-10-02
6143,,18.0,,-0.38,17.98,64.29,2026-10-02
6144,,-15.0,,-0.38,17.98,64.29,2026-10-02
6145,-4.1,9.9,,-0.38,17.98,64.29,2026-10-02
6146,,-22.2,,-0.38,17.98,64.29,2026-10-02
6178,,14.4,,-0.38,17.98,64.29,2026-10-02
6196,,-14.7,,-0.38,17.98,64.29,2026-10-02
6200,,-19.3,,-0.38,17.98,64.29,2026-10-02
6209,,-13.0,,-0.38,17.98,64.29,2026-10-02
6222,0.2,-21.1,,-0.38,17.98,64.29,2026-10-02
6235,-29.3,-16.2,,-0.38,17.98,64.29,2026-10-02
6250,,-3.0,,-0.38,17.98,64.29,2026-10-02
6254,-28.4,-5.2,,-0.38,17.98,64.29,2026-10-02
6258,26.0,34.5,,-0.38,17.98,64.29,2026-10-02
6268,,0.6,,-0.38,17.98,64.29,2026-10-02
6269,,-51.5,,-0.38,17.98,64.29,2026-10-02
6273,-2.7,0.4,,-0.38,17.98,64.29,2026-10-02
6277,33.8,-8.2,,-0.38,17.98,64.29,2026-10-02
6278,,-2.7,,-0.38,17.98,64.29,2026-10-02
6279,,-14.5,,-0.38,17.98,64.29,2026-10-02
6282,,-4.2,,-0.38,17.98,64.29,2026-10-02
6284,,-9.4,,-0.38,17.98,64.29,2026-10-02
6287,12.9,-2.2,,-0.38,17.98,64.29,2026-10-02
6289,,-14.2,,-0.38,17.98,64.29,2026-10-02
6301,,-2.1,,-0.38,17.98,64.29,2026-10-02
6302,,5.0,,-0.38,17.98,64.29,2026-10-02
6305,,-13.6,,-0.38,17.98,64.29,2026-10-02
6315,,-13.3,,-0.38,17.98,64.29,2026-10-02
6323,,32.5,,-0.38,17.98,64.29,2026-10-02
6326,-1.9,-9.8,,-0.38,17.98,64.29,2026-10-02
6331,,-14.8,,-0.38,17.98,64.29,2026-10-02
6332,,-20.2,,-0.38,17.98,64.29,2026-10-02
6346,,-26.0,,-0.38,17.98,64.29,2026-10-02
6347,-6.2,-26.7,,-0.38,17.98,64.29,2026-10-02
6349,28.0,1.7,,-0.38,17.98,64.29,2026-10-02
6361,,-11.2,,-0.38,17.98,64.29,2026-10-02
6363,,-26.1,,-0.38,17.98,64.29,2026-10-02
6367,,-11.7,,-0.38,17.98,64.29,2026-10-02
6368,,-25.2,,-0.38,17.98,64.29,2026-10-02
6370,,-13.7,,-0.38,17.98,64.29,2026-10-02
6371,-0.8,-5.6,,-0.38,17.98,64.29,2026-10-02
6376,-11.0,14.8,,-0.38,17.98,64.29,2026-10-02
6378,,-28.8,,-0.38,17.98,64.29,2026-10-02
6381,,-3.4,,-0.38,17.98,64.29,2026-10-02
6383,,-15.7,,-0.38,17.98,64.29,2026-10-02
6395,,-18.3,,-0.38,17.98,64.29,2026-10-02
6407,-23.2,-0.4,,-0.38,17.98,64.29,2026-10-02
6412,,-10.7,,-0.38,17.98,64.29,2026-10-02
6417,,-10.8,,-0.38,17.98,64.29,2026-10-02
6419,,-17.0,,-0.38,17.98,64.29,2026-10-02
6420,0.1,-23.3,,-0.38,17.98,64.29,2026-10-02
6432,,-3.8,,-0.38,17.98,64.29,2026-10-02
6436,,-17.6,,-0.38,17.98,64.29,2026-10-02
6448,23.5,32.3,,-0.38,17.98,64.29,2026-10-02
6454,9.2,-6.1,,-0.38,17.98,64.29,2026-10-02
6457,,-13.5,,-0.38,17.98,64.29,2026-10-02
6458,,-16.6,,-0.38,17.98,64.29,2026-10-02
6460,,13.5,,-0.38,17.98,64.29,2026-10-02
6463,,-1.1,,-0.38,17.98,64.29,2026-10-02
6465,,-15.7,,-0.38,17.98,64.29,2026-10-02
6471,-6.1,-16.3,-8.5,-0.38,17.98,64.29,2026-10-02
6472,,-3.1,,-0.38,17.98,64.29,2026-10-02
6473,,5.9,,-0.38,17.98,64.29,2026-10-02
6474,-12.1,0.5,,-0.38,17.98,64.29,2026-10-02
6479,,25.5,,-0.38,17.98,64.29,2026-10-02
6481,,11.3,,-0.38,17.98,64.29,2026-10-02
6486,,-11.9,,-0.38,17.98,64.29,2026-10-02
6490,,30.2,,-0.38,17.98,64.29,2026-10-02
6498,,-8.7,,-0.38,17.98,64.29,2026-10-02
6501,,-2.7,-27.0,-0.38,17.98,64.29,2026-10-02
6503,-11.1,-15.9,,-0.38,17.98,64.29,2026-10-02
6504,,15.1,,-0.38,17.98,64.29,2026-10-02
6506,,-4.8,,-0.38,17.98,64.29,2026-10-02
6507,,0.6,,-0.38,17.98,64.29,2026-10-02
6508,,24.0,,-0.38,17.98,64.29,2026-10-02
6516,,3.3,,-0.38,17.98,64.29,2026-10-02
6523,55.4,21.8,,-0.38,17.98,64.29,2026-10-02
6525,,62.4,,-0.38,17.98,64.29,2026-10-02
6526,,0.8,,-0.38,17.98,64.29,2026-10-02
6532,21.8,45.2,,-0.38,17.98,64.29,2026-10-02
6538,3.8,-13.1,,-0.38,17.98,64.29,2026-10-02
6544,,-23.0,,-0.38,17.98,64.29,2026-10-02
6547,,-15.9,,-0.38,17.98,64.29,2026-10-02
6549,,-46.6,,-0.38,17.98,64.29,2026-10-02
6554,,-9.0,,-0.38,17.98,64.29,2026-10-02
6586,,-15.8,,-0.38,17.98,64.29,2026-10-02
6588,,-14.3,,-0.38,17.98,64.29,2026-10-02
6590,,-15.1,,-0.38,17.98,64.29,2026-10-02
6592,,-10.4,,-0.38,17.98,64.29,2026-10-02
6622,,-2.0,,-0.38,17.98,64.29,2026-10-02
6627,,-73.3,,-0.38,17.98,64.29,2026-10-02
6630,7.5,-12.4,,-0.38,17.98,64.29,2026-10-02
6632,,-29.9,,-0.38,17.98,64.29,2026-10-02
6633,,-17.6,,-0.38,17.98,64.29,2026-10-02
6645,,22.4,,-0.38,17.98,64.29,2026-10-02
6651,,-14.3,,-0.38,17.98,64.29,2026-10-02
6652,13.4,4.4,,-0.38,17.98,64.29,2026-10-02
6674,,-21.2,,-0.38,17.98,64.29,2026-10-02
6701,,2.9,,-0.38,17.98,64.29,2026-10-02
6702,,5.4,,-0.38,17.98,64.29,2026-10-02
6703,,-17.4,,-0.38,17.98,64.29,2026-10-02
6707,,-29.5,,-0.38,17.98,64.29,2026-10-02
6721,,-43.8,,-0.38,17.98,64.29,2026-10-02
6723,,33.4,,-0.38,17.98,64.29,2026-10-02
6724,,40.2,,-0.38,17.98,64.29,2026-10-02
6727,,-5.9,,-0.38,17.98,64.29,2026-10-02
6728,-19.0,-21.2,,-0.38,17.98,64.29,2026-10-02
6737,,23.6,,-0.38,17.98,64.29,2026-10-02
6744,,-22.3,,-0.38,17.98,64.29,2026-10-02
6750,11.6,,,-0.38,17.98,64.29,2026-10-02
6752,,42.6,,-0.38,17.98,64.29,2026-10-02
6754,,-1.5,,-0.38,17.98,64.29,2026-10-02
6758,,-4.3,,-0.38,17.98,64.29,2026-10-02
6762,,34.8,,-0.38,17.98,64.29,2026-10-02
6768,,27.5,,-0.38,17.98,64.29,2026-10-02
6770,,-14.7,,-0.38,17.98,64.29,2026-10-02
6787,,-24.2,,-0.38,17.98,64.29,2026-10-02
6804,,-24.4,,-0.38,17.98,64.29,2026-10-02
6806,,2.6,,-0.38,17.98,64.29,2026-10-02
6807,,-4.9,,-0.38,17.98,64.29,2026-10-02
6810,20.8,2.1,,-0.38,17.98,64.29,2026-10-02
6814,28.9,0.7,,-0.38,17.98,64.29,2026-10-02
6824,-31.5,-31.7,,-0.38,17.98,64.29,2026-10-02
6841,,-19.1,,-0.38,17.98,64.29,2026-10-02
6845,-15.4,-13.5,,-0.38,17.98,64.29,2026-10-02
6849,,-13.4,,-0.38,17.98,64.29,2026-10-02
6856,,15.5,,-0.38,17.98,64.29,2026-10-02
6857,32.1,51.9,,-0.38,17.98,64.29,2026-10-02
6859,,12.7,,-0.38,17.98,64.29,2026-10-02
6861,,17.9,,-0.38,17.98,64.29,2026-10-02
6866,,24.3,,-0.38,17.98,64.29,2026-10-02
6869,,7.8,,-0.38,17.98,64.29,2026-10-02
6871,-5.8,25.8,,-0.38,17.98,64.29,2026-10-02
6874,,-25.4,,-0.38,17.98,64.29,2026-10-02
6875,,12.7,,-0.38,17.98,64.29,2026-10-02
6902,-7.2,-20.3,,-0.38,17.98,64.29,2026-10-02
6908,,-29.9,,-0.38,17.98,64.29,2026-10-02
6914,-24.9,2.2,,-0.38,17.98,64.29,2026-10-02
6920,-2.8,9.0,,-0.38,17.98,64.29,2026-10-02
6923,-3.0,1.4,,-0.38,17.98,64.29,2026-10-02
6925,,14.2,,-0.38,17.98,64.29,2026-10-02
6929,-3.3,-10.7,,-0.38,17.98,64.29,2026-10-02
6941,,0.3,,-0.38,17.98,64.29,2026-10-02
6942,,-4.6,,-0.38,17.98,64.29,2026-10-02
6947,,1.1,,-0.38,17.98,64.29,2026-10-02
6951,,7.4,-10.3,-0.38,17.98,64.29,2026-10-02
6952,,17.3,,-0.38,17.98,64.29,2026-10-02
6954,,-6.7,,-0.38,17.98,64.29,2026-10-02
6960,,-3.3,,-0.38,17.98,64.29,2026-10-02
6963,,22.8,,-0.38,17.98,64.29,2026-10-02
6965,-10.1,9.5,,-0.38,17.98,64.29,2026-10-02
6971,,25.4,,-0.38,17.98,64.29,2026-10-02
6976,,96.3,,-0.38,17.98,64.29,2026-10-02
6981,-23.3,89.4,,-0.38,17.98,64.29,2026-10-02
6988,,-3.8,,-0.38,17.98,64.29,2026-10-02
6995,,-15.1,,-0.38,17.98,64.29,2026-10-02
6996,,24.2,,-0.38,17.98,64.29,2026-10-02
6999,,30.4,,-0.38,17.98,64.29,2026-10-02
7003,-4.6,-40.1,,-0.38,17.98,64.29,2026-10-02
7004,,-9.1,,-0.38,17.98,64.29,2026-10-02
7011,,-32.7,,-0.38,17.98,64.29,2026-10-02
7012,,-37.0,,-0.38,17.98,64.29,2026-10-02
7013,,-32.5,,-0.38,17.98,64.29,2026-10-02
7014,,-7.1,,-0.38,17.98,64.29,2026-10-02
7046,1.9,-13.9,,-0.38,17.98,64.29,2026-10-02
7073,-3.4,,,-0.38,17.98,64.29,2026-10-02
7085,-2.2,-1.4,,-0.38,17.98,64.29,2026-10-02
7096,,-16.5,,-0.38,17.98,64.29,2026-10-02
7128,,9.4,,-0.38,17.98,64.29,2026-10-02
7130,-11.0,-25.2,,-0.38,17.98,64.29,2026-10-02
7148,,-14.4,,-0.38,17.98,64.29,2026-10-02
7157,,-39.4,,-0.38,17.98,64.29,2026-10-02
7164,,-20.6,,-0.38,17.98,64.29,2026-10-02
7167,10.4,9.4,,-0.38,17.98,64.29,2026-10-02
7172,,-10.4,,-0.38,17.98,64.29,2026-10-02
7173,,-87.6,,-0.38,17.98,64.29,2026-10-02
7180,12.6,17.0,,-0.38,17.98,64.29,2026-10-02
7181,,-11.3,,-0.38,17.98,64.29,2026-10-02
7182,,9.5,,-0.38,17.98,64.29,2026-10-02
7184,,26.1,,-0.38,17.98,64.29,2026-10-02
7186,,8.9,,-0.38,17.98,64.29,2026-10-02
7189,14.2,3.0,,-0.38,17.98,64.29,2026-10-02
7192,,-12.0,,-0.38,17.98,64.29,2026-10-02
7199,,0.0,,-0.38,17.98,64.29,2026-10-02
7201,,-33.0,,-0.38,17.98,64.29,2026-10-02
7202,,-25.1,,-0.38,17.98,64.29,2026-10-02
7203,,-25.6,,-0.38,17.98,64.29,2026-10-02
7211,1.4,-8.7,,-0.38,17.98,64.29,2026-10-02
7220,,-3.8,,-0.38,17.98,64.29,2026-10-02
7224,-8.6,-34.8,,-0.38,17.98,64.29,2026-10-02
7239,,-7.0,,-0.38,17.98,64.29,2026-10-02
7240,3.0,-10.6,,-0.38,17.98,64.29,2026-10-02
7241,,-10.2,,-0.38,17.98,64.29,2026-10-02
7242,13.0,-11.4,-27.3,-0.38,17.98,64.29,2026-10-02
7246,,-1.2,,-0.38,17.98,64.29,2026-10-02
7259,,-18.9,,-0.38,17.98,64.29,2026-10-02
7261,,-12.2,,-0.38,17.98,64.29,2026-10-02
7267,,11.2,,-0.38,17.98,64.29,2026-10-02
7269,,-9.7,,-0.38,17.98,64.29,2026-10-02
7270,-0.8,-17.0,,-0.38,17.98,64.29,2026-10-02
7272,41.0,,,-0.38,17.98,64.29,2026-10-02
7276,,-8.7,,-0.38,17.98,64.29,2026-10-02
7278,,-16.0,,-0.38,17.98,64.29,2026-10-02
7280,4.6,-10.1,,-0.38,17.98,64.29,2026-10-02
7282,,6.8,,-0.38,17.98,64.29,2026-10-02
7283,-0.2,-3.8,,-0.38,17.98,64.29,2026-10-02
7296,16.5,3.6,,-0.38,17.98,64.29,2026-10-02
7309,0.1,-12.9,,-0.38,17.98,64.29,2026-10-02
7313,-0.5,-17.6,,-0.38,17.98,64.29,2026-10-02
7327,,17.0,13.5,-0.38,17.98,64.29,2026-10-02
7337,,11.2,,-0.38,17.98,64.29,2026-10-02
7380,13.5,26.1,,-0.38,17.98,64.29,2026-10-02
7381,,15.0,,-0.38,17.98,64.29,2026-10-02
7383,,-18.5,,-0.38,17.98,64.29,2026-10-02
7389,,19.9,,-0.38,17.98,64.29,2026-10-02
7409,,-69.4,,-0.38,17.98,64.29,2026-10-02
7412,,-58.1,,-0.38,17.98,64.29,2026-10-02
7419,,-6.1,,-0.38,17.98,64.29,2026-10-02
7421,,-20.6,,-0.38,17.98,64.29,2026-10-02
7433,,10.4,,-0.38,17.98,64.29,2026-10-02
7453,,2.9,,-0.38,17.98,64.29,2026-10-02
7456,16.9,-9.1,,-0.38,17.98,64.29,2026-10-02
7458,,-13.8,,-0.38,17.98,64.29,2026-10-02
7459,,-17.8,,-0.38,17.98,64.29,2026-10-02
7466,,-3.1,,-0.38,17.98,64.29,2026-10-02
7476,,-7.9,,-0.38,17.98,64.29,2026-10-02
7512,,-20.3,,-0.38,17.98,64.29,2026-10-02
7513,,-9.2,,-0.38,17.98,64.29,2026-10-02
7516,,-15.2,,-0.38,17.98,64.29,2026-10-02
7532,,-38.9,,-0.38,17.98,64.29,2026-10-02
7545,,-23.7,,-0.38,17.98,64.29,2026-10-02
7550,,-1.7,,-0.38,17.98,64.29,2026-10-02
7552,66.2,,,-0.38,17.98,64.29,2026-10-02
7564,,-34.7,,-0.38,17.98,64.29,2026-10-02
7575,,-11.5,,-0.38,17.98,64.29,2026-10-02
7581,,-17.9,,-0.38,17.98,64.29,2026-10-02
7593,,-12.5,,-0.38,17.98,64.29,2026-10-02
7595,-4.3,-30.3,,-0.38,17.98,64.29,2026-10-02
7599,,-27.9,,-0.38,17.98,64.29,2026-10-02
7606,,-14.6,,-0.38,17.98,64.29,2026-10-02
7609,19.0,35.5,,-0.38,17.98,64.29,2026-10-02
7611,13.5,-15.8,,-0.38,17.98,64.29,2026-10-02
7613,22.3,10.5,,-0.38,17.98,64.29,2026-10-02
7616,,-15.2,,-0.38,17.98,64.29,2026-10-02
7630,,0.4,,-0.38,17.98,64.29,2026-10-02
7649,-21.3,-43.1,,-0.38,17.98,64.29,2026-10-02
7701,,-13.8,,-0.38,17.98,64.29,2026-10-02
7713,,13.5,,-0.38,17.98,64.29,2026-10-02
7721,,-12.3,,-0.38,17.98,64.29,2026-10-02
7729,,15.7,,-0.38,17.98,64.29,2026-10-02
7730,,-19.6,,-0.38,17.98,64.29,2026-10-02
7731,,-20.2,,-0.38,17.98,64.29,2026-10-02
7733,,7.1,,-0.38,17.98,64.29,2026-10-02
7734,,-5.4,,-0.38,17.98,64.29,2026-10-02
7735,-18.0,42.6,,-0.38,17.98,64.29,2026-10-02
7740,,13.0,,-0.38,17.98,64.29,2026-10-02
7741,-6.4,-25.7,,-0.38,17.98,64.29,2026-10-02
7744,,-20.1,,-0.38,17.98,64.29,2026-10-02
7745,,-7.9,,-0.38,17.98,64.29,2026-10-02
7747,-14.5,-20.5,-14.1,-0.38,17.98,64.29,2026-10-02
7751,,-13.0,,-0.38,17.98,64.29,2026-10-02
7752,,4.0,,-0.38,17.98,64.29,2026-10-02
7762,,15.4,,-0.38,17.98,64.29,2026-10-02
7774,,18.7,,-0.38,17.98,64.29,2026-10-02
7780,,-12.4,,-0.38,17.98,64.29,2026-10-02
7821,5.6,-15.5,,-0.38,17.98,64.29,2026-10-02
7826,,63.7,,-0.38,17.98,64.29,2026-10-02
7832,,22.4,,-0.38,17.98,64.29,2026-10-02
7839,,6.1,,-0.38,17.98,64.29,2026-10-02
7846,,-63.4,,-0.38,17.98,64.29,2026-10-02
7860,,-14.6,,-0.38,17.98,64.29,2026-10-02
7864,,4.4,,-0.38,17.98,64.29,2026-10-02
7867,,29.5,,-0.38,17.98,64.29,2026-10-02
7906,,-35.5,,-0.38,17.98,64.29,2026-10-02
7911,,-6.0,,-0.38,17.98,64.29,2026-10-02
7912,-1.5,-10.9,,-0.38,17.98,64.29,2026-10-02
7915,,-28.2,,-0.38,17.98,64.29,2026-10-02
7936,,-18.5,,-0.38,17.98,64.29,2026-10-02
7943,,-29.4,,-0.38,17.98,64.29,2026-10-02
7944,,-21.7,,-0.38,17.98,64.29,2026-10-02
7947,,0.0,,-0.38,17.98,64.29,2026-10-02
7951,,-11.9,,-0.38,17.98,64.29,2026-10-02
7956,-2.5,3.4,,-0.38,17.98,64.29,2026-10-02
7965,3.3,-29.3,,-0.38,17.98,64.29,2026-10-02
7966,-19.1,9.1,,-0.38,17.98,64.29,2026-10-02
7970,-3.4,1.9,,-0.38,17.98,64.29,2026-10-02
7972,,-37.9,,-0.38,17.98,64.29,2026-10-02
7974,,-23.8,,-0.38,17.98,64.29,2026-10-02
7976,,19.8,,-0.38,17.98,64.29,2026-10-02
7981,-2.1,-8.5,,-0.38,17.98,64.29,2026-10-02
7984,,-18.0,,-0.38,17.98,64.29,2026-10-02
7987,,-22.7,,-0.38,17.98,64.29,2026-10-02
7990,,-8.3,,-0.38,17.98,64.29,2026-10-02
7994,-1.3,-26.7,,-0.38,17.98,64.29,2026-10-02
7995,-2.3,19.2,,-0.38,17.98,64.29,2026-10-02
8001,15.6,-9.7,,-0.38,17.98,64.29,2026-10-02
8008,,-2.8,,-0.38,17.98,64.29,2026-10-02
8011,-70.5,-72.8,,-0.38,17.98,64.29,2026-10-02
8012,-3.7,-17.0,,-0.38,17.98,64.29,2026-10-02
8015,17.3,1.2,,-0.38,17.98,64.29,2026-10-02
8016,,-19.3,,-0.38,17.98,64.29,2026-10-02
8020,7.7,,,-0.38,17.98,64.29,2026-10-02
8022,25.4,1.7,,-0.38,17.98,64.29,2026-10-02
8031,,-34.9,,-0.38,17.98,64.29,2026-10-02
8035,,33.5,,-0.38,17.98,64.29,2026-10-02
8041,,-10.8,,-0.38,17.98,64.29,2026-10-02
8050,30.3,50.8,,-0.38,17.98,64.29,2026-10-02
8051,15.7,9.1,-12.0,-0.38,17.98,64.29,2026-10-02
8053,,-75.7,,-0.38,17.98,64.29,2026-10-02
8056,,-13.6,,-0.38,17.98,64.29,2026-10-02
8058,,-27.3,,-0.38,17.98,64.29,2026-10-02
8060,,-8.8,,-0.38,17.98,64.29,2026-10-02
8061,5.8,-10.3,,-0.38,17.98,64.29,2026-10-02
8074,16.4,-15.1,,-0.38,17.98,64.29,2026-10-02
8078,,-3.1,,-0.38,17.98,64.29,2026-10-02
8079,5.2,,,-0.38,17.98,64.29,2026-10-02
8086,,-32.7,,-0.38,17.98,64.29,2026-10-02
8088,1.4,-17.8,,-0.38,17.98,64.29,2026-10-02
8097,,-20.7,,-0.38,17.98,64.29,2026-10-02
8098,,-7.8,,-0.38,17.98,64.29,2026-10-02
8111,,-18.8,,-0.38,17.98,64.29,2026-10-02
8113,,-19.1,,-0.38,17.98,64.29,2026-10-02
8125,8.3,-16.7,,-0.38,17.98,64.29,2026-10-02
8129,,-38.4,,-0.38,17.98,64.29,2026-10-02
8130,,-14.0,,-0.38,17.98,64.29,2026-10-02
8133,,-7.0,,-0.38,17.98,64.29,2026-10-02
8136,9.0,0.9,,-0.38,17.98,64.29,2026-10-02
8147,,0.4,,-0.38,17.98,64.29,2026-10-02
8154,27.5,20.4,,-0.38,17.98,64.29,2026-10-02
8160,,-24.2,,-0.38,17.98,64.29,2026-10-02
8173,16.0,23.5,,-0.38,17.98,64.29,2026-10-02
8174,,-17.6,,-0.38,17.98,64.29,2026-10-02
8179,,-27.6,,-0.38,17.98,64.29,2026-10-02
8194,,-16.7,,-0.38,17.98,64.29,2026-10-02
8200,,-16.6,,-0.38,17.98,64.29,2026-10-02
8214,,-13.5,,-0.38,17.98,64.29,2026-10-02
8218,,-14.0,,-0.38,17.98,64.29,2026-10-02
8219,1.2,-27.7,,-0.38,17.98,64.29,2026-10-02
8227,,-17.7,,-0.38,17.98,64.29,2026-10-02
8233,,-12.0,,-0.38,17.98,64.29,2026-10-02
8237,,-11.9,,-0.38,17.98,64.29,2026-10-02
8242,,-10.3,,-0.38,17.98,64.29,2026-10-02
8252,-6.7,-26.0,,-0.38,17.98,64.29,2026-10-02
8253,,-13.7,,-0.38,17.98,64.29,2026-10-02
8267,-12.3,-46.3,,-0.38,17.98,64.29,2026-10-02
8273,,-24.7,,-0.38,17.98,64.29,2026-10-02
8276,,-25.2,,-0.38,17.98,64.29,2026-10-02
8278,,-22.0,,-0.38,17.98,64.29,2026-10-02
8282,,-18.2,,-0.38,17.98,64.29,2026-10-02
8303,4.0,-26.3,,-0.38,17.98,64.29,2026-10-02
8304,,8.8,,-0.38,17.98,64.29,2026-10-02
8306,,8.8,-4.9,-0.38,17.98,64.29,2026-10-02
8308,,15.0,,-0.38,17.98,64.29,2026-10-02
8309,-72.3,-71.2,,-0.38,17.98,64.29,2026-10-02
8316,,4.8,,-0.38,17.98,64.29,2026-10-02
8331,4.4,,,-0.38,17.98,64.29,2026-10-02
8334,,13.5,,-0.38,17.98,64.29,2026-10-02
8336,13.0,12.4,,-0.38,17.98,64.29,2026-10-02
8337,,9.0,,-0.38,17.98,64.29,2026-10-02
8341,,7.6,,-0.38,17.98,64.29,2026-10-02
8346,,38.4,,-0.38,17.98,64.29,2026-10-02
8354,8.3,4.5,,-0.38,17.98,64.29,2026-10-02
8358,,19.0,,-0.38,17.98,64.29,2026-10-02
8359,,15.3,,-0.38,17.98,64.29,2026-10-02
8360,16.6,18.1,,-0.38,17.98,64.29,2026-10-02
8361,,22.0,,-0.38,17.98,64.29,2026-10-02
8362,37.8,109.0,,-0.38,17.98,64.29,2026-10-02
8366,,34.7,,-0.38,17.98,64.29,2026-10-02
8367,,17.1,,-0.38,17.98,64.29,2026-10-02
8368,24.6,37.2,,-0.38,17.98,64.29,2026-10-02
8370,,10.5,,-0.38,17.98,64.29,2026-10-02
8377,,19.9,,-0.38,17.98,64.29,2026-10-02
8381,,15.2,,-0.38,17.98,64.29,2026-10-02
8386,,23.4,,-0.38,17.98,64.29,2026-10-02
8388,,52.5,,-0.38,17.98,64.29,2026-10-02
8395,,20.3,,-0.38,17.98,64.29,2026-10-02
8399,,19.7,,-0.38,17.98,64.29,2026-10-02
8410,17.1,3.8,,-0.38,17.98,64.29,2026-10-02
8411,,10.7,,-0.38,17.98,64.29,2026-10-02
8418,16.3,13.0,,-0.38,17.98,64.29,2026-10-02
8424,,-16.5,,-0.38,17.98,64.29,2026-10-02
8425,,-23.2,,-0.38,17.98,64.29,2026-10-02
8439,,5.8,,-0.38,17.98,64.29,2026-10-02
8473,13.8,-12.1,,-0.38,17.98,64.29,2026-10-02
8511,,-9.3,,-0.38,17.98,64.29,2026-10-02
8522,,5.2,,-0.38,17.98,64.29,2026-10-02
8524,19.7,15.6,,-0.38,17.98,64.29,2026-10-02
8544,,13.8,,-0.38,17.98,64.29,2026-10-02
8566,,-7.2,,-0.38,17.98,64.29,2026-10-02
8570,,-22.4,,-0.38,17.98,64.29,2026-10-02
8572,,-18.7,,-0.38,17.98,64.29,2026-10-02
8584,,-29.4,,-0.38,17.98,64.29,2026-10-02
8585,-9.6,,,-0.38,17.98,64.29,2026-10-02
8591,,3.5,,-0.38,17.98,64.29,2026-10-02
8593,-3.0,-24.7,,-0.38,17.98,64.29,2026-10-02
8595,,-18.0,,-0.38,17.98,64.29,2026-10-02
8600,33.1,13.3,,-0.38,17.98,64.29,2026-10-02
8601,,-2.3,,-0.38,17.98,64.29,2026-10-02
8604,2.8,1.3,,-0.38,17.98,64.29,2026-10-02
8609,,18.7,,-0.38,17.98,64.29,2026-10-02
8613,12.8,-1.7,,-0.38,17.98,64.29,2026-10-02
8616,,2.6,-3.3,-0.38,17.98,64.29,2026-10-02
8628,,-3.3,,-0.38,17.98,64.29,2026-10-02
8630,,-8.1,,-0.38,17.98,64.29,2026-10-02
8697,6.1,3.5,,-0.38,17.98,64.29,2026-10-02
8698,,-15.5,,-0.38,17.98,64.29,2026-10-02
8706,,-14.3,,-0.38,17.98,64.29,2026-10-02
8714,,3.6,,-0.38,17.98,64.29,2026-10-02
8715,,-41.0,,-0.38,17.98,64.29,2026-10-02
8725,,-2.1,,-0.38,17.98,64.29,2026-10-02
8729,,-14.6,,-0.38,17.98,64.29,2026-10-02
8750,,2.8,,-0.38,17.98,64.29,2026-10-02
8766,0.7,-10.9,,-0.38,17.98,64.29,2026-10-02
8771,,-14.6,,-0.38,17.98,64.29,2026-10-02
8795,,-3.3,,-0.38,17.98,64.29,2026-10-02
8801,,-28.6,,-0.38,17.98,64.29,2026-10-02
8802,-16.7,-33.4,,-0.38,17.98,64.29,2026-10-02
8803,,-22.7,,-0.38,17.98,64.29,2026-10-02
8804,-2.7,-26.4,,-0.38,17.98,64.29,2026-10-02
8830,,-42.5,,-0.38,17.98,64.29,2026-10-02
8848,,32.9,,-0.38,17.98,64.29,2026-10-02
8850,,-22.9,,-0.38,17.98,64.29,2026-10-02
8871,,-26.6,,-0.38,17.98,64.29,2026-10-02
8876,,-2.3,,-0.38,17.98,64.29,2026-10-02
8891,,-27.5,,-0.38,17.98,64.29,2026-10-02
8892,,-19.7,,-0.38,17.98,64.29,2026-10-02
8897,,-13.8,,-0.38,17.98,64.29,2026-10-02
8919,,-11.5,,-0.38,17.98,64.29,2026-10-02
8923,1.4,-7.3,,-0.38,17.98,64.29,2026-10-02
8934,,-30.3,,-0.38,17.98,64.29,2026-10-02
8968,,-20.0,,-0.38,17.98,64.29,2026-10-02
9001,,-21.0,,-0.38,17.98,64.29,2026-10-02
9003,-1.0,-32.9,,-0.38,17.98,64.29,2026-10-02
9005,-4.8,-30.0,,-0.38,17.98,64.29,2026-10-02
9006,0.7,-20.4,,-0.38,17.98,64.29,2026-10-02
9007,,-15.6,,-0.38,17.98,64.29,2026-10-02
9009,,-9.7,,-0.38,17.98,64.29,2026-10-02
9010,,-10.7,-33.3,-0.38,17.98,64.29,2026-10-02
9020,,-23.3,,-0.38,17.98,64.29,2026-10-02
9021,2.9,-23.8,,-0.38,17.98,64.29,2026-10-02
9022,3.4,-25.9,,-0.38,17.98,64.29,2026-10-02
9023,,-26.8,,-0.38,17.98,64.29,2026-10-02
9024,,-33.3,,-0.38,17.98,64.29,2026-10-02
9025,,-21.2,,-0.38,17.98,64.29,2026-10-02
9031,,-22.2,,-0.38,17.98,64.29,2026-10-02
9037,,-18.9,,-0.38,17.98,64.29,2026-10-02
9039,0.8,-12.0,,-0.38,17.98,64.29,2026-10-02
9041,,-16.1,,-0.38,17.98,64.29,2026-10-02
9042,,-21.9,,-0.38,17.98,64.29,2026-10-02
9044,,-21.3,,-0.38,17.98,64.29,2026-10-02
9045,,-21.9,,-0.38,17.98,64.29,2026-10-02
9048,,-14.3,,-0.38,17.98,64.29,2026-10-02
9051,,-19.6,,-0.38,17.98,64.29,2026-10-02
9057,,-21.1,,-0.38,17.98,64.29,2026-10-02
9064,1.5,-6.1,,-0.38,17.98,64.29,2026-10-02
9065,,-25.3,,-0.38,17.98,64.29,2026-10-02
9068,,-27.8,,-0.38,17.98,64.29,2026-10-02
9069,,2.9,,-0.38,17.98,64.29,2026-10-02
9072,,-20.2,,-0.38,17.98,64.29,2026-10-02
9075,,-12.3,,-0.38,17.98,64.29,2026-10-02
9076,,-12.6,,-0.38,17.98,64.29,2026-10-02
9090,,-22.6,,-0.38,17.98,64.29,2026-10-02
9101,,-1.8,,-0.38,17.98,64.29,2026-10-02
9104,38.0,-10.6,,-0.38,17.98,64.29,2026-10-02
9107,28.8,2.5,,-0.38,17.98,64.29,2026-10-02
9110,,18.0,,-0.38,17.98,64.29,2026-10-02
9115,19.5,-29.4,,-0.38,17.98,64.29,2026-10-02
9119,15.0,-24.5,,-0.38,17.98,64.29,2026-10-02
9142,-4.7,-24.5,,-0.38,17.98,64.29,2026-10-02
9143,,-20.8,,-0.38,17.98,64.29,2026-10-02
9147,4.9,27.5,,-0.38,17.98,64.29,2026-10-02
9160,,-6.4,,-0.38,17.98,64.29,2026-10-02
9201,,-3.6,,-0.38,17.98,64.29,2026-10-02
9202,,-15.2,,-0.38,17.98,64.29,2026-10-02
9247,,-11.0,,-0.38,17.98,64.29,2026-10-02
9267,,-28.2,,-0.38,17.98,64.29,2026-10-02
9274,,5.3,,-0.38,17.98,64.29,2026-10-02
9278,50.4,32.8,,-0.38,17.98,64.29,2026-10-02
9301,,-13.2,,-0.38,17.98,64.29,2026-10-02
9302,,-33.5,,-0.38,17.98,64.29,2026-10-02
9303,8.0,-15.0,,-0.38,17.98,64.29,2026-10-02
9325,-9.0,-26.0,,-0.38,17.98,64.29,2026-10-02
9336,,-24.3,,-0.38,17.98,64.29,2026-10-02
9364,-9.7,,,-0.38,17.98,64.29,2026-10-02
9401,-8.7,-12.2,,-0.38,17.98,64.29,2026-10-02
9404,,-22.3,,-0.38,17.98,64.29,2026-10-02
9409,,-25.1,,-0.38,17.98,64.29,2026-10-02
9412,-28.3,-45.4,,-0.38,17.98,64.29,2026-10-02
9413,,-32.7,,-0.38,17.98,64.29,2026-10-02
9416,4.3,-24.1,,-0.38,17.98,64.29,2026-10-02
9418,,-10.9,,-0.38,17.98,64.29,2026-10-02
9432,16.7,-8.7,,-0.38,17.98,64.29,2026-10-02
9433,,-10.6,,-0.38,17.98,64.29,2026-10-02
9434,14.0,-8.0,,-0.38,17.98,64.29,2026-10-02
9435,-0.2,-26.3,,-0.38,17.98,64.29,2026-10-02
9449,10.4,12.2,,-0.38,17.98,64.29,2026-10-02
9468,,-18.4,,-0.38,17.98,64.29,2026-10-02
9501,,-31.2,,-0.38,17.98,64.29,2026-10-02
9502,,-18.3,,-0.38,17.98,64.29,2026-10-02
9503,16.1,-17.2,,-0.38,17.98,64.29,2026-10-02
9504,8.4,-18.1,,-0.38,17.98,64.29,2026-10-02
9505,20.9,-18.9,,-0.38,17.98,64.29,2026-10-02
9506,,-11.9,,-0.38,17.98,64.29,2026-10-02
9507,42.4,-2.3,,-0.38,17.98,64.29,2026-10-02
9508,,-11.6,,-0.38,17.98,64.29,2026-10-02
9509,,-16.0,,-0.38,17.98,64.29,2026-10-02
9511,,-9.1,,-0.38,17.98,64.29,2026-10-02
9513,,-22.9,,-0.38,17.98,64.29,2026-10-02
9519,-17.2,-24.4,,-0.38,17.98,64.29,2026-10-02
9531,,-28.9,,-0.38,17.98,64.29,2026-10-02
9532,,-24.8,,-0.38,17.98,64.29,2026-10-02
9533,,-18.7,,-0.38,17.98,64.29,2026-10-02
9535,,-10.5,,-0.38,17.98,64.29,2026-10-02
9543,,-28.2,,-0.38,17.98,64.29,2026-10-02
9551,-7.9,-27.3,,-0.38,17.98,64.29,2026-10-02
9552,,40.6,,-0.38,17.98,64.29,2026-10-02
9562,17.7,-34.8,,-0.38,17.98,64.29,2026-10-02
9601,3.3,-24.3,,-0.38,17.98,64.29,2026-10-02
9602,,-23.1,,-0.38,17.98,64.29,2026-10-02
9603,6.6,,,-0.38,17.98,64.29,2026-10-02
9605,2.5,-16.8,,-0.38,17.98,64.29,2026-10-02
9616,,6.4,,-0.38,17.98,64.29,2026-10-02
9621,,-7.2,,-0.38,17.98,64.29,2026-10-02
9672,,-31.7,,-0.38,17.98,64.29,2026-10-02
9678,3.1,,,-0.38,17.98,64.29,2026-10-02
9682,,-11.0,,-0.38,17.98,64.29,2026-10-02
9684,,-5.8,,-0.38,17.98,64.29,2026-10-02
9697,,11.8,,-0.38,17.98,64.29,2026-10-02
9699,,-17.1,,-0.38,17.98,64.29,2026-10-02
9706,,-17.9,,-0.38,17.98,64.29,2026-10-02
9715,-3.4,-25.6,,-0.38,17.98,64.29,2026-10-02
9716,,-23.0,,-0.38,17.98,64.29,2026-10-02
9722,,19.7,,-0.38,17.98,64.29,2026-10-02
9723,1.0,-16.7,,-0.38,17.98,64.29,2026-10-02
9735,-5.0,-13.9,,-0.38,17.98,64.29,2026-10-02
9739,,-13.8,,-0.38,17.98,64.29,2026-10-02
9744,,-15.4,,-0.38,17.98,64.29,2026-10-02
9746,,-9.7,,-0.38,17.98,64.29,2026-10-02
9757,,-15.2,,-0.38,17.98,64.29,2026-10-02
9759,,-10.0,,-0.38,17.98,64.29,2026-10-02
9766,22.8,-0.8,,-0.38,17.98,64.29,2026-10-02
9782,,-18.8,,-0.38,17.98,64.29,2026-10-02
9793,-8.8,-25.6,,-0.38,17.98,64.29,2026-10-02
9818,,-29.4,,-0.38,17.98,64.29,2026-10-02
9828,,-5.9,,-0.38,17.98,64.29,2026-10-02
9830,1.5,,,-0.38,17.98,64.29,2026-10-02
9831,,10.8,,-0.38,17.98,64.29,2026-10-02
9832,5.0,-19.0,,-0.38,17.98,64.29,2026-10-02
9842,,-14.5,,-0.38,17.98,64.29,2026-10-02
9843,,7.2,,-0.38,17.98,64.29,2026-10-02
9861,,-7.9,,-0.38,17.98,64.29,2026-10-02
9869,,-19.4,,-0.38,17.98,64.29,2026-10-02
9882,-7.2,-9.8,,-0.38,17.98,64.29,2026-10-02
9887,,-26.2,,-0.38,17.98,64.29,2026-10-02
9888,,43.3,,-0.38,17.98,64.29,2026-10-02
9889,,18.7,,-0.38,17.98,64.29,2026-10-02
9900,,-51.1,,-0.38,17.98,64.29,2026-10-02
9934,13.1,-1.2,,-0.38,17.98,64.29,2026-10-02
9936,,-21.2,,-0.38,17.98,64.29,2026-10-02
9948,,-21.6,,-0.38,17.98,64.29,2026-10-02
9956,,-29.5,,-0.38,17.98,64.29,2026-10-02
9960,,-5.5,,-0.38,17.98,64.29,2026-10-02
9962,-5.6,20.9,,-0.38,17.98,64.29,2026-10-02
9974,,-28.7,,-0.38,17.98,64.29,2026-10-02
9983,,-5.4,,-0.38,17.98,64.29,2026-10-02
9984,2.7,48.2,,-0.38,17.98,64.29,2026-10-02
9987,3.8,-29.2,,-0.38,17.98,64.29,2026-10-02
9989,,-23.4,,-0.38,17.98,64.29,2026-10-02
9997,,0.3,,-0.38,17.98,64.29,2026-10-02
