Code,MarketCapB
1301,60.6
1305,10536.7
1326,17845.0
1332,417.6
1333,225.3
1349,584.5
1375,42.2
1376,16.0
1377,179.2
1379,60.8
1380,4.3
1381,22.1
1382,1.3
1383,5.4
1384,24.9
1401,9.8
1407,72.3
1414,290.0
1417,332.3
1418,7.6
1419,117.5
1420,7.8
1429,22.8
1430,12.8
1431,15.0
1433,10.0
1434,12.6
1435,18.4
1436,16.6
1438,5.9
1443,4.8
1444,3.0
1445,1.2
1446,5.0
1447,8.4
1450,13.0
1452,0.9
1491,14.3
1514,52.8
1515,211.1
1518,52.8
1557,103065.5
1605,4916.0
1662,630.7
1663,132.4
1711,2.9
1716,16.9
1717,11.9
1718,8.1
1719,315.9
1720,157.2
1721,621.7
1723,157.7
1724,3.3
1726,23.8
1736,37.3
1758,4.9
1762,130.9
1764,4.0
1766,159.9
1768,10.0
1770,15.3
1773,961.9
1776,18.4
1780,28.5
1783,10.4
1786,48.5
1787,14.2
1788,3.2
1793,41.8
1795,4.3
1798,13.6
1799,70.5
1801,2730.4
1803,1995.2
1807,12.2
1810,46.7
1811,60.7
1813,47.0
1814,37.5
1815,68.5
1820,231.9
1822,68.2
1826,13.2
1827,49.8
1828,26.4
1833,229.6
1835,197.4
1840,6.1
1844,10.7
1847,39.8
1848,10.4
1850,13.8
1852,80.4
1860,445.8
1861,271.6
1867,18.9
1870,92.1
1871,135.3
1873,13.2
1878,1204.3
1879,115.8
1882,80.0
1887,48.2
1888,52.0
1893,495.2
1897,7.0
1898,56.9
1899,72.4
1904,33.7
1905,9.8
1909,75.9
1911,885.1
1921,74.1
1925,3089.3
1926,168.8
1928,2356.3
1929,53.3
1930,40.8
1934,190.1
1939,94.3
1941,259.7
1942,1270.7
1944,1474.7
1945,59.3
1946,198.2
1948,57.7
1950,300.0
1951,593.1
1952,173.1
1960,21.3
1961,405.8
1964,31.3
1965,143.7
1966,13.3
1967,48.8
1968,195.3
1969,607.1
1972,25.7
1975,100.5
1976,88.5
1979,223.6
1980,373.1
1982,133.7
1992,6.4
1997,8.4
2001,227.9
2002,604.9
2003,67.0
2053,50.5
2055,7.2
2060,45.2
2108,49.9
2109,111.4
2112,14.6
2114,32.5
2121,166.2
2124,139.1
2127,210.1
2130,13.4
2134,17.5
2136,5.6
2138,5.1
2139,3.5
2148,30.9
2152,16.2
2154,154.9
2157,90.7
2158,31.9
2162,7.5
2163,21.0
2164,2.5
2168,74.0
2169,12.5
2170,65.5
2173,15.8
2175,140.4
2179,4.2
2180,13.7
2181,531.8
2183,5.8
2185,24.6
2186,7.1
2195,8.5
2198,23.7
2201,238.9
2204,19.0
2207,51.1
2208,78.8
2209,31.2
2211,64.1
2212,656.1
2215,4.2
2216,51.3
2217,30.9
2220,94.4
2221,33.6
2222,285.6
2224,12.7
2226,49.8
2264,406.9
2266,23.1
2267,790.2
2268,39.1
2269,1078.5
2270,200.2
2281,140.4
2282,683.8
2286,7.8
2288,59.2
2291,2.0
2292,97.7
2294,28.7
2296,326.3
3402,1714.6
5938,478.2
6027,63.2
6186,2.1
6506,1212.2
6927,21.7
7087,8.3
7148,139.0
7325,7.2
7874,37.7
8025,5.2
8046,19.1
8795,1953.1
9009,596.0
9989,453.4
1802,2607.4
1808,770.7
1812,2889.8
1885,237.3
1959,680.8
1963,667.1
2146,110.1
2193,9.7
2206,374.1
2229,376.9
2326,73.1
2327,690.0
2331,608.2
2337,198.6
2371,393.7
2379,107.6
2384,169.0
2753,29.7
2408,5.6
7463,32.9
6866,106.8
2411,5.1
4929,6.1
3091,66.2
4684,1683.1
4733,465.1
296A,30.4
5576,6.0
6146,7252.9
6653,33.6
8060,733.8
5204,14.0
6858,8.3
7309,1437.1
7751,3823.5
7931,52.3
9795,37.7
2481,3.8
2737,82.3
2801,1411.1
3231,897.8
3891,43.4
3912,7.8
4307,2532.9
4519,14276.6
4765,80.6
4832,64.5
4956,90.4
4973,27.9
5423,178.9
5609,4.2
5990,4.7
6305,1214.1
6345,90.3
6663,2.0
6723,4817.1
6807,164.1
6861,15143.3
6954,5831.3
6995,258.3
6999,63.8
7102,52.4
7175,6.7
7422,2.0
7839,85.9
7908,12.0
7962,23.1
8595,119.3
8604,3786.2
8617,5.1
8706,56.0
8892,107.8
9551,160.7
2689,12.5
2760,93.7
3003,1428.7
3635,529.9
3636,75.9
3778,122.1
4498,19.0
4503,4670.2
4568,5085.1
5410,52.4
5612,5.1
5992,89.6
6382,19.9
6436,275.8
6470,30.8
6501,21760.3
6516,180.4
6754,434.9
6810,95.4
6857,18143.1
6988,2151.0
7236,46.4
7241,89.2
7278,204.3
7283,109.8
7949,46.1
7970,170.4
8285,46.1
8601,2141.5
8628,245.7
9368,36.7
9474,52.7
9932,22.9
2359,32.2
2491,10.1
2664,67.7
3116,436.7
3426,5.3
3439,3.2
3622,3.8
3911,8.9
3969,10.5
4043,276.3
4045,190.4
4063,12170.0
4204,1079.9
4345,38.0
4362,53.2
4479,11.8
4578,5615.9
4661,4275.0
4685,37.8
4722,143.5
4826,28.5
5279,3.6
5482,182.6
5532,19.8
5819,13.3
5834,43.2
5903,6.8
6161,10.2
6201,6140.2
6301,6135.6
6302,632.9
6455,120.6
6473,561.9
6503,11895.4
6504,1679.6
6526,315.6
6586,1448.9
6592,399.0
6617,95.3
6701,5136.8
6762,4384.3
6823,35.3
6902,5198.7
6955,15.5
7259,1629.2
7282,500.0
7381,228.6
7510,38.5
7646,13.0
7919,3.3
7984,386.8
8014,110.7
8076,19.5
8218,173.2
8609,180.7
8613,70.2
8614,46.0
8622,42.7
8624,49.4
8697,2002.9
8708,50.4
8793,89.8
8914,57.0
9003,289.3
9022,4008.3
9023,930.4
9081,44.0
9267,123.9
9412,867.3
9502,2102.3
9504,356.7
9505,230.8
9509,219.6
9531,2434.3
9536,91.9
9539,43.0
9679,8.7
2410,12.9
2428,12.4
2492,114.1
2579,591.8
2692,163.4
2811,259.1
2892,18.5
2926,1.4
3092,968.8
3137,3.0
3482,52.5
3496,54.2
368A,53.4
3776,14.5
3836,48.4
3839,5.1
4220,84.1
4221,54.6
4248,10.7
4308,9.0
4318,48.1
4373,182.5
4410,22.8
4417,37.3
4463,26.5
4626,527.7
4679,2.1
4709,31.5
4762,6.3
5208,82.5
5214,546.5
5257,3.6
5280,17.8
5332,942.4
5333,1276.9
5334,1617.4
5440,102.7
5444,735.9
5659,46.9
5905,1.8
5959,44.7
6080,102.7
6135,271.3
6185,5.6
6196,81.6
6268,554.3
6325,4.5
6391,7.8
6454,297.4
6770,436.7
6817,40.1
6870,11.2
6888,5.6
6920,3726.8
6932,40.0
6961,135.2
6971,3395.0
6981,7546.9
7172,123.0
7177,109.6
7475,21.8
7539,19.0
7600,14.5
7625,4.8
7741,9931.8
7942,64.5
7947,195.7
7976,133.2
7981,185.4
8015,6978.7
8035,20118.2
8056,442.5
8103,32.0
8133,226.3
8174,310.3
8616,188.7
8699,36.2
8700,7.2
8803,163.9
8898,11.6
9001,575.8
9020,4016.9
9021,1422.1
9044,344.3
9064,581.4
9104,2223.3
9110,176.7
9158,30.3
9201,1112.6
9202,1326.2
9206,7.5
9219,5.3
9301,480.3
9362,4.2
9503,2889.3
9506,582.4
9507,377.2
9508,860.0
9511,57.0
9533,496.1
9534,77.2
9687,26.6
9715,147.6
9733,66.6
9742,42.3
9914,2.1
9962,803.8
2413,1067.2
2480,6.0
2768,1328.1
299A,39.5
3191,131.2
4107,257.3
4206,235.0
4565,92.4
4772,10.3
5832,548.6
5857,282.8
5906,12.8
5933,21.1
6099,45.4
6141,376.5
6420,144.7
6632,175.5
6724,663.1
7446,3.9
7740,169.6
7774,24.2
8001,14161.4
8031,17832.0
8053,7256.1
8058,19491.3
8165,6.2
8303,1502.1
8473,1996.7
8860,30.1
9619,50.2
9682,165.4
9799,16.2
9950,10.0
2335,15.7
2489,10.9
2802,4458.7
2924,15.2
3064,885.8
3326,2.9
3668,55.1
3984,23.3
4012,6.7
4151,1343.3
4262,8.8
4326,63.8
4475,29.1
4582,7.0
4746,81.2
5187,10.1
5261,41.3
5445,49.3
5955,15.9
6200,57.3
6230,10.0
6370,888.3
6395,185.2
6809,62.7
6841,1435.3
6853,18.7
7120,4.1
7419,324.2
7480,24.7
7575,101.0
7609,59.5
7711,34.4
7972,171.9
8005,44.9
8012,503.7
8255,106.7
8739,78.4
9325,12.7
9424,21.2
9701,15.3
9768,27.8
9878,1.5
9955,35.0
151A,5.3
2378,19.9
2461,29.7
2666,2.4
2681,72.8
2693,2.8
2700,16.5
2705,50.3
2782,211.2
2790,53.7
2883,11.7
2914,10604.4
303A,1.6
3097,172.2
3166,19.1
3167,152.1
3190,4.0
3202,3.7
3221,35.6
3238,3.5
3252,71.5
3261,2.0
3271,36.1
3286,4.3
3302,75.0
3352,3.8
3386,7.2
3553,23.5
3563,1085.9
3626,743.3
3660,45.8
3663,41.0
3690,3.5
3712,16.1
3762,70.4
3765,132.9
3766,4.2
3850,13.4
3908,1.6
3910,1.6
3917,3.7
3926,9.3
3934,10.8
3946,56.2
3997,15.7
4025,37.2
4120,2.9
4263,15.5
4284,9.1
4286,11.5
4320,20.1
4335,2.9
4350,15.8
4390,39.7
4483,230.9
4528,1179.2
4556,9.5
4559,101.6
4563,22.9
4572,7.9
4588,73.2
4642,8.9
4674,58.4
4678,2.2
4689,2765.4
4690,4.0
4769,7.7
4792,31.5
4800,10.6
4923,34.0
4958,118.2
4967,439.4
4970,91.7
5015,23.0
5186,127.9
5262,53.1
5284,13.3
5302,53.1
5380,1.1
5388,15.6
5391,10.8
5408,33.6
5411,1187.4
5464,37.0
5480,65.6
5727,228.2
5742,4.2
5816,25.9
5830,916.3
5941,15.5
5950,2.6
6023,57.0
6050,19.2
6062,43.8
6088,50.2
6147,1.3
6155,5.2
6156,10.1
6158,6.5
6222,32.0
6223,43.1
6326,3067.8
6327,16.0
6340,97.9
6413,74.9
6448,760.4
6557,7.7
6565,21.0
6629,12.1
6643,28.8
6662,3.2
6745,159.3
6775,1.7
6804,135.7
6832,27.7
6874,22.1
6877,80.9
6882,13.8
6901,5.6
6908,75.9
6929,73.9
6976,619.9
6996,134.3
7013,3501.7
7040,6.3
7089,7.8
7130,83.9
7134,8.1
7164,424.2
7173,372.0
7203,43257.8
7211,426.4
7224,166.7
7291,8.2
7399,3.9
7412,124.6
7421,78.1
7442,8.8
7464,2.8
7466,26.7
7472,15.0
7504,59.0
7509,6.5
7616,205.4
7723,45.5
7731,631.2
7791,3.3
7792,12.8
7841,9.7
7917,100.9
7963,9.3
7966,331.3
7971,37.8
7974,9568.5
7980,6.5
7987,16.1
7989,52.6
7994,243.8
8052,50.9
8065,51.1
8074,134.4
8084,71.4
8113,1649.2
8131,123.9
8137,47.4
8158,23.7
8173,77.3
8202,13.8
8282,280.5
8367,239.7
8410,317.6
8418,559.2
8566,185.6
8596,31.9
8747,15.8
8864,50.3
8919,263.3
8996,4.1
9029,24.8
9072,571.6
9107,1682.0
9119,193.1
9143,923.7
9324,68.6
9339,3.0
9361,5.8
9376,3.2
9413,109.7
9421,3.6
9432,12466.0
9436,315.5
9478,7.2
9532,2475.4
9698,9.2
9702,23.4
9706,505.0
9753,12.5
9759,206.7
9766,2637.3
9790,70.0
9831,362.5
9849,3.1
9867,8.4
9882,136.6
9902,71.9
130A,3.2
2009,25.7
208A,31.3
2395,63.1
2488,6.8
2613,68.1
2730,235.5
2763,35.2
2810,279.0
2816,13.6
2903,16.6
2915,32.7
3132,410.5
3143,6.4
3157,19.3
3199,27.6
3276,22.2
3288,1150.3
3289,988.0
3294,29.5
3317,4.5
3371,47.7
3401,330.5
3433,169.5
3447,13.6
3577,3.0
3744,3.7
3771,28.9
3951,17.6
3970,2.4
4062,2761.2
4091,2556.9
417A,382.6
4186,1090.6
4189,102.0
4203,463.9
4351,4.1
4366,13.8
4368,322.7
4385,595.7
438A,16.2
4403,733.9
4404,22.7
4491,6.2
4547,194.8
4613,438.8
4617,168.2
4624,7.2
4719,47.9
4736,3.0
4884,3.3
4925,6.5
4927,292.1
4951,30.8
4960,10.7
5016,4238.7
5035,2.7
5121,49.4
5202,49.8
5283,5.5
5310,123.9
5393,586.0
5406,769.0
5451,205.5
5535,22.5
5603,4.5
5660,8.8
5713,2701.7
5821,64.8
5842,117.4
5902,28.0
5946,68.1
5958,13.7
5988,40.3
5991,520.1
6031,5.8
6046,3.1
6226,70.8
6248,3.6
6277,92.9
6315,205.4
6322,10.8
6328,60.0
6364,54.7
6366,301.9
6466,9.9
6480,69.3
6481,639.4
6588,151.7
6622,329.3
6677,34.0
6678,15.4
6730,12.4
6744,259.6
6768,55.9
6772,8.6
6806,694.8
6928,20.6
7128,54.3
7192,9.6
7247,13.4
7366,43.2
7443,3.9
7460,32.9
7461,7.1
7490,8.5
7537,31.0
7564,510.1
7570,25.4
7606,69.8
7615,2.2
7634,16.9
7636,11.2
7721,124.1
7743,18.3
7846,173.4
7885,16.3
7951,531.2
7955,33.5
8098,219.9
8283,290.2
8334,858.8
8336,238.2
8377,755.1
8416,11.0
8439,1021.8
8591,5358.3
8835,7.5
8850,244.2
8934,151.9
9006,424.5
9068,165.3
9090,120.3
9101,2499.0
9142,571.6
9273,35.4
9304,74.9
9342,2.3
9405,36.2
9434,10087.6
9535,26.8
9543,111.6
9699,123.0
9739,37.5
9820,4.0
9828,49.7
9832,127.1
9854,4.6
9869,206.0
9991,58.5
166A,50.2
1866,30.1
1938,65.8
1994,4.3
202A,56.8
2120,24.9
2122,7.8
2304,4.7
2393,37.4
2418,30.7
2432,281.2
2433,382.0
2445,18.5
2477,15.8
2483,6.0
250A,26.7
2588,148.0
2602,176.0
2607,311.9
262A,61.7
2674,28.5
2676,37.7
2767,90.4
2871,486.3
2937,15.8
2981,12.5
3028,79.6
3058,5.0
3082,10.9
3101,130.4
3105,257.3
3110,998.6
3154,18.4
3176,47.2
3179,25.5
3245,55.5
3360,226.8
3407,2218.5
3436,711.1
3443,87.6
3461,3.7
3467,14.4
3494,2.8
3571,8.6
3583,3.6
3628,6.4
3634,1.5
3671,8.3
3679,40.7
3741,29.6
3772,20.6
3779,1.7
3793,11.8
3802,1.6
3837,25.0
387A,1.9
3948,6.3
3958,3.1
3964,113.2
4008,81.0
4023,158.0
4028,108.7
4046,232.9
4202,324.9
4259,58.5
4272,263.9
4374,8.6
4419,53.2
4452,2759.1
4477,33.8
4536,587.5
4538,19.6
4549,114.2
4554,60.3
4569,95.2
4615,4.4
4671,26.2
4676,606.8
4718,37.0
4732,820.5
4828,71.8
4881,3.2
4901,3755.7
4911,1345.2
4912,451.1
4971,143.5
4975,151.2
5011,61.2
5019,1890.8
5021,706.5
5036,64.9
5126,2.5
5142,20.0
5201,1237.4
5233,412.6
5256,3.1
5331,178.5
5446,4.8
5449,74.2
5461,67.5
5533,6.7
5541,46.5
5563,54.5
5570,8.8
5697,4.2
5715,152.8
5729,24.4
5801,3221.9
5802,8251.5
5820,2.9
5831,1519.5
5838,1169.1
5851,80.1
5909,28.2
5939,4.2
5947,518.3
5949,62.3
5952,2.3
5969,2.3
5984,11.0
6073,14.8
6103,246.5
6104,103.5
6143,74.5
6239,12.5
6245,26.9
6257,21.0
6282,78.5
6332,118.4
6333,45.9
6335,3.9
6337,14.1
6351,114.8
6367,6042.5
6378,26.1
6381,65.1
6392,15.4
6402,8.8
6408,7.6
6440,21.3
6445,21.3
6459,95.5
6460,495.6
6471,573.2
6479,1142.7
6513,5.7
6537,2.5
6539,24.2
6546,6.2
6626,23.1
6644,84.8
6658,10.5
6718,46.1
6728,487.1
6737,84.0
6741,106.0
6752,6679.5
6763,27.9
6797,14.1
6798,19.4
6862,16.4
6919,10.7
6923,366.6
6946,99.7
6963,1409.4
6986,29.1
6989,21.9
7004,204.1
7011,15943.7
7012,2826.0
7018,23.6
7022,11.0
7030,22.9
7080,6.7
7094,15.0
7183,3.0
7184,163.5
7186,1716.7
7189,587.4
7198,38.5
7220,207.1
7228,9.1
7231,66.2
7245,42.1
7326,51.9
7372,1.9
7417,17.7
7425,8.9
7433,80.6
7481,20.8
7483,124.1
7486,9.2
7538,5.3
7550,1377.0
7565,9.7
7619,7.0
7628,30.8
7643,19.0
7701,1096.2
7702,10.6
7717,45.4
7733,1727.0
7752,763.9
7806,238.6
7849,15.7
7867,240.9
7906,261.8
7915,60.5
7918,5.1
7927,14.3
7939,2.3
8022,271.1
8041,21.6
8045,9.7
8059,108.7
8078,317.6
8085,22.8
8086,266.6
8123,2.6
8159,66.8
8214,136.6
8219,118.5
8242,292.9
8308,4254.0
8338,50.2
8349,14.1
8365,12.7
8368,438.0
8386,262.6
8387,103.4
8392,159.2
8393,169.2
8395,88.6
8399,98.8
8424,391.2
8522,289.3
8544,272.0
8558,39.7
8572,738.7
8698,171.9
8705,13.0
8715,112.7
8742,6.3
8789,24.2
8841,79.0
8844,40.3
8881,33.4
8935,52.9
9005,1075.9
9037,139.9
9039,116.4
9045,336.0
9049,14.4
9057,25.9
9083,23.9
9227,15.0
9229,7.8
9259,5.6
9303,312.5
9312,20.2
9343,13.0
9347,109.7
9408,16.7
9438,33.9
9441,38.1
9446,5.1
9466,3.0
9476,3.9
9513,722.9
9514,7.9
9517,74.3
9639,48.1
9723,7.9
9729,82.4
9735,2448.3
9744,248.1
9857,16.3
9890,12.0
143A,1.5
2307,13.6
2321,10.0
2330,4.9
2332,8.5
2342,4.5
2385,6.5
2429,47.4
2440,8.5
247A,70.7
2531,336.5
2540,55.7
255A,49.6
256A,40.0
2587,1420.8
2612,43.8
268A,579.2
2749,60.0
2805,122.8
2820,30.2
2831,32.6
2897,872.1
2908,45.2
2922,23.8
297A,16.2
2980,53.7
2984,6.2
2993,10.6
3010,41.6
3059,3.9
3069,8.1
3088,984.7
3099,1114.7
3107,269.3
3111,1.5
3131,5.1
3197,734.7
3205,18.9
3232,55.4
3237,2.9
3284,50.3
332A,15.0
3350,405.2
3355,38.0
3392,14.3
3395,62.3
3405,506.6
3416,1.6
341A,28.2
3422,4.9
3431,45.1
3435,10.4
3449,52.7
3457,22.3
3484,19.4
3521,4.3
3529,16.6
3556,13.1
3569,189.4
3580,29.9
3632,64.6
3670,2.2
3673,85.4
3676,18.7
3682,4.5
3723,19.8
3768,4.2
3773,17.7
3798,28.8
3800,14.6
3817,60.2
3834,16.7
3840,4.9
3848,5.5
3896,4.5
3925,18.8
3932,40.2
3939,25.2
3944,2.6
3947,23.0
3954,14.0
3979,9.8
3992,17.8
4004,2426.1
4027,43.5
4042,731.2
4055,11.4
4056,5.5
4061,328.5
4064,25.9
4069,3.7
4072,31.3
4078,56.1
4092,25.9
4114,332.9
4171,4.0
4180,87.6
4182,814.0
4183,739.1
4188,1337.0
4205,347.3
4208,237.7
4212,67.5
421A,18.2
4231,20.5
4242,5.2
4243,2.0
4246,57.3
4258,23.2
4264,11.0
4274,5.3
4290,85.3
4293,85.3
4299,12.6
429A,322.7
4331,10.3
4356,10.0
4367,10.4
4379,7.2
4389,9.5
4396,22.5
4409,15.9
4415,8.0
4449,32.6
4461,91.5
4471,115.5
4478,116.0
4480,62.5
4488,8.8
4495,10.4
4502,9054.2
4506,810.5
4521,157.0
4524,9.1
4526,85.4
4527,556.1
4540,280.9
4548,41.3
4552,68.7
4570,13.3
4587,156.5
4593,49.5
4595,35.1
4611,37.2
4628,146.5
4635,17.4
4658,55.5
4680,242.9
4687,43.7
4694,148.2
4751,650.2
4761,14.4
4801,26.7
4809,21.0
4816,559.6
4847,25.4
4888,24.5
4889,20.5
4926,5.2
4928,152.0
4931,44.0
4933,19.9
4966,369.4
4974,137.4
4979,27.9
4980,395.7
4985,105.2
4997,80.0
504A,31.0
5071,12.7
5076,540.9
5184,54.4
5232,131.4
5254,29.8
5288,58.0
5301,213.7
5368,10.1
5401,3136.9
5458,3.1
5463,323.4
5599,7.9
5631,724.0
5632,27.1
5706,2128.3
5711,726.6
5753,5.4
5757,36.4
5911,117.1
5915,11.3
5951,16.4
5956,5.4
5957,28.0
5962,1.9
5973,3.6
5974,2.8
5976,42.7
5985,43.3
5997,3.9
6022,4.1
6030,12.7
6055,185.1
6059,6.9
6087,13.5
6090,3.9
6101,198.0
6125,27.7
6165,13.4
6181,4.6
6193,2.8
6197,101.2
6235,126.6
6246,21.6
6262,19.2
6269,954.7
6284,123.8
6292,5.5
6298,20.0
6306,30.7
6317,15.4
6324,377.7
6334,4.3
6339,50.5
6342,3.6
6346,7.8
6358,18.2
6368,744.7
6371,238.1
6379,126.2
6384,10.6
6405,12.7
6412,185.8
6417,383.6
6418,27.6
6464,12.1
6485,32.8
6486,132.2
6495,10.0
6497,8.5
6498,178.1
6518,5.7
6523,136.1
6524,121.9
6525,1601.2
6540,18.8
6547,29.3
6548,3.0
6549,4.7
6551,5.5
6570,7.3
6590,316.4
6620,25.9
6625,42.7
6638,46.3
6645,918.7
6648,34.4
6674,635.1
6694,2.8
6748,9.9
6785,40.7
6787,679.0
6800,89.2
6845,748.8
6871,496.6
6914,103.2
6941,168.5
7067,1.6
7081,14.5
7096,7.6
7122,15.9
7157,175.7
7167,1270.3
7187,23.8
7191,25.4
7201,1243.8
7202,1617.1
7208,5.7
7222,136.3
7238,33.7
7240,457.5
7242,195.8
7276,681.0
7292,77.5
7296,166.9
7299,18.1
7305,24.1
7314,3.7
7320,19.0
7337,575.8
7361,3.8
7374,9.4
7456,168.2
7458,178.7
7476,155.0
7482,32.6
7508,59.3
7522,41.8
7531,5.8
7532,2804.7
7551,11.5
7554,21.4
7561,12.6
7585,1.6
7602,4.1
7613,61.8
7637,28.2
7698,9.8
7715,56.4
7726,5.7
7729,644.8
7734,150.5
7735,2031.8
7745,79.6
7760,51.3
7762,438.2
7776,11.2
7780,127.5
7794,17.2
7822,10.0
7826,172.2
7833,6.4
7863,2.8
7864,143.5
7877,2.4
7898,9.3
7912,1295.2
7936,3236.4
7943,113.1
7979,62.5
7990,46.4
7991,14.3
8029,19.1
8032,125.7
8050,515.0
8051,140.5
8061,113.7
8075,63.4
8081,48.1
8107,9.1
8111,306.1
8129,306.2
8130,179.0
8136,1172.3
8138,4.0
8151,36.5
8160,70.5
8225,2.5
8226,7.0
8316,21136.5
8341,727.8
8354,1238.9
8366,480.4
8524,391.5
8542,18.6
8550,99.2
8551,40.1
8562,13.1
8772,28.0
8801,4715.7
8802,5547.0
8804,781.2
8818,93.4
8830,4451.2
8912,2.8
8920,33.0
8945,11.4
8946,2.0
9007,588.4
9010,130.0
9025,161.4
9036,6.3
9067,27.2
9069,313.8
9074,16.5
9082,6.2
9087,3.7
9130,13.1
9147,919.8
9214,1.9
9221,14.1
9272,15.9
9302,323.2
9305,44.7
9306,16.0
9308,38.8
9319,38.8
9332,20.6
9338,44.8
9340,6.7
9341,10.1
9365,2.3
9367,18.4
9428,13.1
9435,1764.5
9519,85.5
9621,84.8
9622,38.3
9633,10.9
9640,37.6
9644,23.3
9686,16.8
9697,1388.3
9709,24.1
9726,46.1
9746,183.7
9757,105.1
9845,36.5
9850,22.6
9856,38.6
9888,8.1
9889,74.6
9904,10.9
9908,28.0
9929,4.3
9956,205.4
9959,11.2
9984,21529.9
9986,14.5
9996,18.8
9997,84.9
141A,545.2
146A,31.2
148A,3.5
149A,2.8
155A,8.5
167A,107.9
1853,10.5
1914,12.9
195A,3.1
196A,2.7
197A,53.6
1981,14.5
2004,103.3
206A,6.9
2117,93.5
2156,1.5
220A,2.8
2325,44.8
2334,13.8
2349,25.5
241A,3.6
2425,2.8
2435,2.4
2436,8.7
246A,2.5
2475,29.3
2485,11.5
248A,2.7
2501,717.3
2503,2130.6
2573,59.1
2654,5.4
2667,3.0
269A,3.4
2733,97.6
2750,9.9
2764,10.7
2780,54.0
2788,4.5
2795,4.7
281A,3.6
288A,3.0
2904,14.0
2907,10.3
2917,4.5
291A,5.4
2931,56.0
2932,21.7
2938,62.7
2961,5.5
2982,20.8
3001,87.0
3002,123.7
3004,9.1
3011,2.7
302A,1.8
3034,73.5
3042,2.2
3096,15.8
3103,84.3
3106,149.4
3109,13.6
3123,8.0
3135,6.0
3138,3.8
3204,4.4
3224,3.9
3242,20.8
3306,2.9
330A,3.5
331A,3.6
334A,2.8
335A,4.6
336A,16.2
3375,2.3
338A,6.7
3420,11.4
3434,11.9
343A,6.0
3445,114.0
3446,11.9
3465,115.2
3474,3.6
3477,3.3
3486,32.1
3537,5.4
3538,9.3
3561,44.2
3566,7.5
3591,213.1
3600,2.4
3611,23.4
3623,6.7
3624,1.7
3639,1.6
3646,1.7
3648,19.7
3649,20.1
3656,24.3
3659,2103.9
366A,12.6
3672,3.3
3675,11.9
3680,3.5
3686,4.6
3687,38.6
3695,7.3
3698,5.0
3708,56.2
3710,3.5
3727,3.9
3774,449.4
3787,1.3
3788,24.1
378A,17.6
3796,4.4
3803,1.8
3807,5.0
3842,3.0
3853,24.3
3864,39.2
3877,24.0
3895,3.3
3900,10.5
3904,6.6
3913,2.1
3918,10.3
3920,5.5
3923,266.2
3936,4.6
3940,6.0
3941,314.5
3953,2.8
3962,65.3
3963,12.0
3983,29.2
3985,2.1
3993,89.2
4005,868.8
4013,13.0
4022,66.2
4040,6.2
4041,197.9
4044,105.5
4052,1.7
4054,7.9
4058,19.3
4059,1.4
4060,6.5
4068,3.4
4082,49.8
4093,15.6
4094,48.1
4095,160.4
409A,53.5
4102,3.0
4109,59.9
410A,6.8
4118,310.0
4119,8.2
4124,2.3
415A,8.2
4165,23.8
4167,2.3
4168,8.8
4172,5.3
4177,6.2
4179,1.5
4192,9.7
4193,10.9
4196,3.5
4218,38.6
4222,17.2
4224,9.2
4229,34.5
423A,10.2
4245,9.5
4247,3.5
4249,34.2
4255,4.3
4265,1.5
4288,2.1
4316,0.9
431A,15.7
4323,49.9
4337,54.1
4341,2.6
4346,9.7
4360,7.7
4371,14.5
4377,35.6
4381,1.0
4386,5.0
4388,2.5
4392,9.8
4395,8.5
4401,385.0
4406,7.6
4414,6.1
4418,13.2
4420,11.1
4421,2.7
4424,1.8
4425,25.1
4427,2.4
4428,4.3
4437,6.3
4442,8.1
4447,2.8
4450,7.4
4464,79.4
4482,14.8
4486,5.1
4496,5.3
4544,176.7
4553,209.5
4574,14.9
4575,14.7
4576,5.1
4583,7.3
4591,4.4
4594,7.1
4619,47.7
4620,36.9
4625,4.3
4629,9.6
4641,51.1
4691,22.8
4705,2.9
4712,15.1
4725,31.7
4743,44.3
4771,33.0
4776,91.4
478A,7.4
479A,5.8
480A,7.5
4811,9.6
4819,98.2
4820,46.6
4838,12.6
483A,3.4
4840,6.2
4849,43.2
485A,288.2
4882,3.6
4883,4.7
4890,7.9
4893,6.5
4896,8.6
4902,283.2
4918,2.1
4922,331.8
4937,4.5
4968,25.5
4977,21.8
4978,16.9
4998,18.7
5020,3834.5
5027,23.8
5028,2.8
5029,2.7
5033,4.7
5034,9.4
5108,4387.7
5122,102.5
5133,5.5
5137,10.9
5138,3.1
5139,19.3
5161,128.3
5162,3.4
5192,113.6
5195,87.6
520A,11.8
5253,93.6
5258,9.3
5268,12.3
5273,131.2
5285,15.4
5290,102.2
5304,58.7
5355,4.4
5357,32.6
5381,14.3
5384,220.5
5491,6.1
5537,22.5
5586,13.2
5589,19.3
5590,13.4
5592,29.4
5597,6.5
5602,93.9
5618,2.8
5644,14.7
5658,16.7
5698,25.4
5702,61.1
5704,2.2
5707,17.2
5714,571.3
5721,17.0
5726,105.8
5803,9320.9
5805,412.8
5843,6.7
5844,1230.0
5845,26.1
5858,2.9
5871,7.4
5884,6.0
5891,8.3
5892,11.2
5901,522.4
5921,11.9
5922,22.3
5929,775.9
5930,135.7
5936,5.8
5940,11.0
5943,110.5
5945,22.6
5965,16.8
5975,123.6
5981,29.4
5986,5.2
5987,2.8
5989,36.2
5994,6.2
6005,397.8
6013,210.9
6016,99.7
6033,7.8
6063,2.3
6069,5.5
6070,28.9
6072,20.7
6074,2.2
6078,39.5
6089,26.7
6113,773.9
6134,478.9
6149,11.2
6157,19.7
6166,8.0
6176,12.3
6177,2.7
6180,7.8
6194,14.9
6195,3.0
6232,30.0
6237,61.3
6238,35.1
6249,37.9
6250,164.0
6254,135.7
6258,88.6
6273,4451.3
6286,10.0
6294,17.9
6316,9.1
6330,89.7
6338,9.0
6349,86.8
6360,5.5
6363,87.4
6380,5.4
6383,2388.6
6390,16.3
6396,4.0
6419,56.7
6424,4.0
6425,57.2
6444,19.6
6458,82.5
6472,205.9
6490,197.3
6492,18.6
6507,380.4
6508,380.6
6517,71.4
6544,276.9
6560,7.4
6563,3.0
6568,9.7
6571,17.8
6584,24.9
6599,5.7
6613,45.4
6616,19.3
6652,93.9
6659,2.7
6670,205.4
6675,37.2
6676,58.5
6740,322.1
6771,5.1
6776,4.9
6779,34.1
6786,1.3
6834,262.6
6844,33.1
6848,17.0
6849,247.1
6850,27.0
6855,94.7
6856,885.9
6859,72.2
6863,15.1
6867,1.8
6869,865.0
6875,131.1
6899,7.4
6904,9.8
6915,29.2
6918,16.1
6925,260.1
6926,4.3
6947,92.7
6952,377.4
6958,42.2
6962,20.5
6965,567.1
6969,3.6
6997,37.1
6998,10.3
7003,605.1
7014,282.7
7021,4.6
7031,1.4
7038,6.8
7043,2.2
7046,2.7
7048,6.4
7057,3.0
7066,4.6
7069,3.2
7071,41.9
7075,5.9
7078,4.0
7079,6.3
7090,1.5
7093,1.2
7115,15.8
7127,5.0
7129,3.2
7133,7.9
7135,7.8
7138,3.4
7180,550.4
7185,23.2
7199,70.8
7212,14.8
7215,3.5
7218,10.5
7235,13.4
7244,49.5
7254,17.4
7255,1.8
7264,8.0
7269,3522.9
7271,10.3
7277,11.8
7343,6.8
7347,14.0
7353,4.0
7356,2.2
7358,14.0
7359,2.4
7367,7.0
7368,8.0
7380,364.0
7409,52.2
7426,0.9
7438,39.3
7444,10.9
7459,592.2
7462,2.2
7477,2.7
7500,33.5
7502,4.0
7505,22.8
7506,6.4
7562,17.1
7567,2.5
7670,10.3
7685,208.7
7687,2.9
7694,3.8
7695,5.8
7716,237.9
7769,28.5
7779,37.0
7813,2.8
7814,29.3
7821,130.1
7851,1.0
7859,5.5
7860,50.9
7871,18.2
7875,11.3
7883,5.6
7893,27.9
7897,3.0
7911,1308.9
7937,48.0
7938,6.9
7944,114.7
7952,26.1
7953,4.9
7956,199.8
7985,1.2
8007,27.8
8037,104.8
8039,9.1
8040,3.7
8043,70.9
8070,24.6
8088,453.7
8089,24.0
8093,23.2
8097,147.6
8115,6.5
8117,107.3
8119,7.7
8132,80.3
8135,8.7
8139,31.4
8154,189.7
8179,145.0
8230,5.9
8291,30.9
8304,371.8
8309,3719.1
8337,124.2
8343,97.6
8345,124.4
8358,387.0
8360,179.9
8370,269.8
8425,400.1
8508,80.5
8511,184.3
8600,177.5
8729,974.1
8869,22.6
8871,116.7
8876,293.8
8877,98.0
8891,7.2
8944,4.8
8995,2.2
8999,16.3
9012,3.2
9024,1052.3
9028,59.9
9031,239.0
9033,18.9
9046,19.2
9060,6.0
9065,453.3
9073,3.5
9075,199.7
9076,374.3
9115,43.2
9127,5.4
9173,6.6
9213,1.3
9223,5.8
9248,13.8
9256,2.9
9271,6.1
9274,57.0
9310,79.3
9330,1.2
9336,375.9
9337,6.0
9344,4.5
9345,2.1
9346,6.1
9351,13.9
9353,3.5
9355,5.6
9360,8.2
9363,2.5
9366,5.2
9401,891.3
9404,773.7
9409,336.8
9416,59.3
9423,2.5
9439,3.0
9468,526.8
9561,4.0
9564,11.5
9625,6.0
9656,6.3
9658,30.5
9684,914.0
9685,3.1
9691,12.9
9708,180.0
9713,14.2
9722,139.0
9731,13.1
9761,8.3
9763,13.4
9780,8.9
9818,14.0
9827,8.1
9843,1367.4
9853,5.6
9880,31.6
9885,5.2
9895,2.3
9896,40.6
9900,55.6
9960,165.7
9987,408.9
142A,2.0
145A,4.3
150A,2.1
153A,8.5
157A,3.2
160A,7.7
173A,6.1
175A,1.0
177A,6.5
194A,14.8
2160,177.1
219A,44.0
2323,7.3
2329,84.1
2351,3.0
2376,3.6
2388,2.5
2415,18.1
2464,4.4
2498,37.1
2499,2.9
253A,7.9
2585,83.4
2586,11.9
2594,42.5
2597,14.6
261A,27.0
264A,5.4
2652,10.6
2656,4.7
265A,2.7
2708,9.3
2721,1.2
2752,56.5
2762,4.0
2784,451.0
2804,23.4
2806,14.8
2813,9.7
2814,11.4
2818,12.0
2819,25.0
286A,31.2
2874,98.0
2875,1066.4
2876,4.1
2877,9.0
287A,41.2
290A,186.5
2911,4.2
2916,8.1
2933,24.1
2962,8.1
2970,19.5
298A,1.7
2998,26.4
3024,4.5
3036,80.0
3053,11.4
3054,2.5
3067,4.1
3076,149.1
3079,10.8
3104,140.5
3113,7.7
3133,17.5
3150,68.1
3153,67.2
3173,6.3
3175,11.7
3183,35.5
3184,9.0
3187,4.5
3196,37.7
319A,114.1
3277,11.5
3291,679.9
3293,6.3
3299,54.5
3300,18.2
3315,28.8
3323,7.3
3358,3.5
3359,5.6
3370,1.5
3372,3.1
3374,8.5
3388,27.1
3393,26.2
3397,377.2
3417,18.4
3423,8.4
3437,4.9
3452,28.0
3469,4.4
3489,23.7
3495,6.8
3512,16.9
3513,16.1
352A,6.2
3542,18.3
3551,8.9
3598,2.4
3625,4.4
3640,17.3
3641,8.6
3652,6.7
3661,50.0
3667,2.5
3674,3.5
3683,11.1
3691,6.3
3692,47.6
3694,22.8
3719,6.8
3726,5.6
3747,4.4
3750,7.5
3763,34.4
3777,17.4
3799,9.2
3825,32.7
3835,18.0
3841,4.5
3844,43.2
3845,6.6
3851,4.3
3856,9.7
3861,744.3
3863,152.7
3865,156.8
386A,4.8
3878,8.7
3880,169.3
3901,19.6
3909,2.0
3916,27.3
3927,5.6
3928,2.4
3929,3.8
3933,4.9
3943,10.7
3945,3.5
3950,75.5
3965,4.9
3976,2.2
3981,7.2
3989,28.7
3998,2.0
4011,8.9
4019,5.7
4020,1.5
4021,851.9
4031,11.2
4047,93.2
4051,45.7
4053,16.7
4074,5.0
407A,10.2
4097,60.7
4098,3.2
4099,217.5
4100,8.3
4112,36.6
4113,13.7
4116,75.5
4125,13.3
4166,1.9
4169,12.3
416A,7.9
4170,2.9
4178,2.1
4216,109.9
4234,7.4
4235,10.9
4237,11.7
4240,2.2
4251,23.0
4256,6.6
4260,3.0
4261,5.6
4275,61.7
4301,32.4
4310,22.2
4324,743.8
4344,17.0
4365,62.3
4372,4.5
4376,8.9
4387,2.8
4391,3.5
4393,19.9
4416,2.1
4436,6.4
4438,2.7
4444,1.8
4445,4.1
4462,34.4
4476,3.7
4481,59.9
4487,3.5
4492,5.5
4493,16.8
4499,31.2
4512,11.7
4516,347.2
4523,1416.5
4534,123.2
4539,6.2
4543,3155.2
4571,10.4
4579,21.4
4586,5.0
4597,9.3
4598,2.3
4612,2349.6
4631,357.5
4634,187.3
4644,9.9
4651,10.1
4657,2.3
4662,22.9
4665,195.8
4681,389.2
472A,8.5
4754,7.1
475A,5.3
4766,2.4
4767,15.3
476A,3.3
4777,6.0
477A,2.2
4783,22.0
4784,199.7
4814,2.3
4833,4.9
4839,37.2
4845,6.1
4887,260.5
4891,6.4
4892,6.1
4894,57.9
4914,119.7
4919,87.7
4932,7.0
4935,8.3
4972,58.3
4976,5.6
4990,5.6
4994,15.4
5010,4.7
5013,39.8
5038,31.2
5074,41.7
5101,1000.5
5105,611.5
5185,26.2
5189,6.3
5199,2.6
5210,28.3
5216,8.2
5237,14.6
5240,2.3
5242,1.1
5247,1.9
5252,3.2
5269,16.9
5282,13.2
5287,3.5
5337,20.0
5351,95.3
5356,12.2
5471,380.0
5484,16.4
5571,5.1
5587,2.5
5588,8.8
5591,5.7
5616,2.0
5619,3.0
5621,14.2
5695,7.3
5699,5.3
5703,183.7
5856,3.7
5868,4.1
5869,13.1
5870,5.4
5918,14.8
5923,7.4
5928,3.0
5966,6.0
5970,80.6
5998,7.2
6018,17.0
6029,1.6
6034,3.4
6035,13.2
6036,81.3
6038,4.5
6039,19.1
6042,9.5
6045,13.1
6054,3.4
6061,26.5
6071,26.9
6081,4.6
6082,9.7
6092,6.6
6096,3.0
6098,9936.9
6118,65.7
6138,3.2
6140,56.5
6144,42.2
6145,39.0
6151,31.4
6167,20.8
6171,5.7
6178,5229.2
6189,9.8
6190,1.8
6198,2.0
6203,17.8
6209,103.6
6218,3.6
6227,114.4
6229,9.2
6231,45.3
6233,2.1
6240,34.5
6247,46.0
6265,4.1
6266,37.3
6272,41.0
6276,1.1
6287,74.0
6291,12.8
6307,4.2
6331,72.5
6361,2339.6
6365,24.3
6369,46.9
6376,184.0
6393,10.9
6400,2.2
6407,372.2
6428,7.4
6430,36.0
6433,8.0
6457,215.4
6463,83.6
6465,742.7
6482,22.2
6484,20.0
6488,12.0
6493,17.7
6533,9.6
6538,5.1
6545,3.9
6554,9.1
6561,10.2
6562,10.9
6564,56.7
6566,22.3
6573,2.6
6579,1.2
6580,5.9
6597,9.7
6612,5.2
6614,3.5
6615,8.5
6627,90.8
6630,39.7
6633,3.1
6635,4.3
6637,50.9
6647,3.7
6651,170.0
6666,6.7
6706,26.9
6721,5.5
6731,3.1
6736,184.0
6742,41.4
6777,258.5
6794,75.7
6819,8.8
6820,43.6
6822,6.8
6824,63.8
6835,27.2
6836,4.2
6837,17.0
6840,4.5
6890,326.9
6907,7.8
6912,17.5
6942,6.0
6943,4.0
6951,320.8
6960,289.4
6964,6.3
6977,1.2
6982,1.7
6994,26.5
7033,20.8
7037,4.2
7039,6.7
7041,1.7
7042,2.2
7044,3.8
7047,30.3
7058,4.3
7059,34.2
7060,6.0
7061,6.4
7062,2.3
7072,2.7
7082,8.4
7084,9.3
7112,4.9
7114,3.8
7119,18.3
7140,1.6
7150,4.4
7161,13.4
7162,3.1
7181,1728.9
7182,9654.7
7217,3.8
7239,72.0
7246,80.5
7266,18.7
7273,19.2
7280,56.1
7287,149.0
7294,18.7
7297,6.2
7317,23.4
7322,171.3
7327,528.4
7345,3.5
7354,14.3
7369,2.5
7371,8.4
7375,4.5
7376,2.9
7377,15.7
7383,40.9
7389,386.9
7416,11.2
7494,8.0
7521,19.3
7523,13.4
7524,1.7
7525,28.4
7555,3.8
7571,3.5
7578,2.0
7593,58.0
7595,100.2
7596,32.4
7638,24.3
7677,7.5
7681,5.2
7686,12.0
7707,5.9
7709,1.8
7722,11.2
7727,15.7
7744,230.3
7746,29.4
7747,937.4
7749,43.2
7771,8.5
7775,12.9
7781,11.4
7782,3.0
7793,4.2
7795,9.7
7800,4.0
7803,35.2
7809,11.0
7812,5.5
7819,14.7
7820,18.4
7823,26.9
7836,3.1
7837,1.4
7840,44.3
7844,27.9
7868,75.0
7872,6.3
7886,1.1
7887,9.7
7902,4.4
7914,44.1
7922,5.7
7932,34.7
7957,2.1
7992,3.3
7995,93.6
8006,27.8
8018,34.8
8023,13.6
8030,15.8
8066,197.3
8091,21.3
8101,31.2
8104,8.7
8105,7.6
8118,18.0
8141,40.1
8144,8.5
8147,6.4
8152,11.4
8157,63.9
8163,50.9
8252,552.1
8253,623.8
8275,29.0
8306,32079.4
8344,83.0
8346,175.2
8359,960.9
8361,287.7
8362,84.0
8364,28.3
8381,301.4
8383,15.6
8388,253.1
8411,16547.5
8518,3.8
8537,24.2
8541,67.2
8563,12.7
8584,182.2
8593,2109.6
8713,35.1
8714,278.2
8737,20.7
8746,3.6
8750,5344.1
8769,7.5
8771,76.9
8798,6.8
8836,3.0
8848,212.2
8897,57.9
8928,28.3
8929,31.6
8938,3.2
8952,871.5
9017,7.7
9034,14.7
9041,626.2
9042,1129.3
9048,349.7
9051,6.2
9052,44.8
9059,18.9
9145,16.1
9159,5.3
9160,7.6
9165,3.3
9193,10.9
9204,20.8
9211,18.1
9218,7.8
9220,2.9
9225,2.2
9233,22.3
9244,1.4
9245,11.1
9246,5.5
9247,77.6
9249,13.4
9254,1.8
9258,2.3
9311,11.4
9322,18.5
9327,3.4
9348,75.3
9380,11.5
9385,5.7
9417,3.8
9445,9.4
9449,293.2
9450,14.3
9467,32.9
9470,42.0
9475,9.3
9537,24.3
9552,33.9
9553,20.9
9554,8.9
9557,1.9
9562,3.1
9563,2.1
9605,366.2
9610,1.4
9612,18.0
9616,225.3
9628,28.8
9635,2.7
9663,87.0
9672,149.7
9760,2.5
9767,3.5
9769,25.8
9782,18.1
9788,21.9
9791,10.7
9816,2.9
9823,67.3
9887,108.7
9906,33.8
9913,35.8
9927,8.4
9928,53.1
9930,6.5
9934,313.5
9936,158.4
9941,2.1
9990,22.3
9994,24.1
7214,5.0
5194,7.2
5363,25.3
7621,18.9
2340,15.3
2673,1.4
3753,1.9
3858,3.5
4720,2.0
5852,22.5
6343,7.6
6743,12.4
7111,3.3
8421,137.4
8630,5332.0
8725,5951.2
8766,13327.3
9171,23.5
8958,122.7
8986,262.0
7363,1.2
2344,17.6
2502,2341.3
2694,16.5
2702,1095.6
285A,16428.4
300A,20.8
3040,32.0
3140,15.2
3185,4.0
3241,6.8
3593,143.4
3597,29.3
3681,1.8
3696,17.3
3769,644.6
3914,18.0
4073,1.3
4347,17.4
4484,4.7
4507,2868.6
4564,7.9
4623,6.4
4686,230.2
4704,666.4
4752,6.7
4768,1130.8
4848,59.6
5103,3.4
519A,4.0
5542,5.5
5867,3.8
6228,8.3
6278,291.2
6347,2.7
6702,5778.4
6703,267.2
6707,175.8
6727,104.7
6758,19640.6
6769,9.9
6803,3.1
6894,2.9
7229,44.5
7261,665.2
7267,4941.6
7270,1820.4
7313,208.5
7527,4.5
7832,2487.2
7999,34.8
8209,0.9
9063,8.6
9268,31.7
9419,3.3
9433,9829.9
9501,1065.7
9755,65.5
9973,7.7
9980,10.0
2796,6.0
3544,11.9
3160,8.5
6905,51.7
4716,1078.0
7921,48.5
9976,5.5
2792,41.5
7068,12.4
7624,7.3
2678,106.8
2778,1.4
4465,14.2
9369,80.3
6083,29.7
7965,109.0
8227,704.2
192A,3.7
2354,14.8
2975,61.4
3089,1.9
3607,3.3
9265,8.7
9651,18.0
5942,12.0
2493,4.5
3498,153.6
3549,355.4
7447,52.1
7545,127.8
8276,139.4
3035,4.1
3321,15.0
3333,36.0
3377,5.7
3612,123.0
4394,2.6
6093,7.9
6264,45.9
6279,23.6
6664,4.1
7975,4.0
9872,8.3
2685,141.6
2789,2.7
3148,215.1
3186,273.4
3353,10.9
4825,91.0
6474,108.0
7630,141.4
7679,36.0
8217,32.7
8923,167.2
9558,8.6
2659,209.7
2726,258.7
2734,69.2
3222,180.9
3396,6.2
5932,21.4
6469,33.1
6496,20.4
7888,26.6
8278,194.3
9253,2.0
9793,195.3
2459,1.5
2670,684.9
2686,12.6
2918,49.5
3543,139.3
4714,33.0
6183,104.8
6255,16.2
6552,4.6
7581,275.1
8570,328.9
9720,7.0
9946,55.2
228A,3.5
2303,8.2
2341,3.9
2653,94.9
2669,36.3
2698,51.7
2809,534.8
3093,41.9
3382,4685.8
3391,986.4
3490,4.2
4343,50.1
4432,91.5
4728,4.9
4763,28.8
4829,4.6
6323,688.4
6814,244.0
7512,120.8
7513,102.8
7544,4.1
7649,638.7
7713,12.7
8016,106.6
8125,92.0
8194,228.6
8198,114.3
8203,24.8
8267,4877.6
8918,13.8
9414,16.7
9560,10.3
9765,20.6
9861,222.3
9876,6.9
9903,6.5
9972,3.7
9983,23178.7
137A,2.3
2687,2.4
2735,8.2
2742,93.8
2747,3.9
2769,7.5
2791,66.4
2872,2.9
2999,4.7
3046,125.3
3048,302.8
3063,10.0
3192,3.3
3201,121.8
3280,6.6
3501,17.8
3546,43.6
3550,3.2
3560,8.3
3608,65.6
3627,3.4
3647,3.1
3815,4.7
4076,5.1
4187,80.5
428A,11.2
4361,1.9
4370,2.0
4430,8.7
4443,156.8
4577,40.8
4668,18.0
4673,4.8
4735,3.0
4760,1.3
4992,46.7
5129,6.7
5271,3.1
5341,2.2
5900,4.4
5982,63.4
6136,225.9
6289,50.6
6432,330.7
6489,36.3
6555,2.1
6668,17.2
7219,3.3
7360,2.2
7373,25.5
7427,5.3
7453,1989.9
7487,16.5
7501,4.7
7514,10.5
7603,7.6
7607,42.2
7611,106.1
7673,9.4
7725,16.1
7811,16.5
8008,38.8
8127,12.4
8166,2.7
8185,35.6
8200,59.0
8244,70.9
8247,2.0
8260,5.2
8908,15.7
8931,18.1
9216,26.0
9270,27.5
9313,6.2
9326,4.9
9647,4.9
9835,4.1
9974,159.8
198A,2.1
2153,32.2
2462,30.9
2736,2.4
276A,17.7
3030,12.2
3065,5.0
3075,20.0
3080,9.9
3168,20.8
3236,12.0
323A,1.6
3281,636.2
3349,508.8
340A,3.0
3562,10.6
3678,23.8
373A,4.0
3760,4.0
3907,1.9
3922,28.8
3996,2.9
4057,1.6
4199,2.4
4397,6.7
4440,6.2
4530,423.4
463A,10.8
464A,157.8
4920,2.2
505A,14.4
5246,17.2
5250,3.9
542A,6.5
5578,8.6
5967,10.4
6159,10.4
6217,2.8
6505,21.1
6634,3.5
7049,6.8
7085,71.7
7370,5.5
7434,7.4
7516,123.8
7599,146.6
7815,1.0
7928,1.9
8095,19.4
8167,54.9
8181,2.6
8289,25.0
9168,11.7
9264,7.8
9278,33.1
9331,1.4
9418,287.3
9661,55.0
9740,44.0
9846,11.1
9948,204.1
9982,21.8
135A,27.3
138A,2.9
156A,8.2
189A,2.1
190A,9.4
205A,6.6
2305,33.5
2338,5.8
2404,7.1
2449,4.9
244A,4.2
245A,6.1
2471,20.5
2484,14.0
2668,8.4
2722,2.9
274A,15.9
277A,74.7
2798,9.8
280A,5.6
2882,22.9
2901,10.0
2927,12.4
2930,17.3
2934,8.3
2935,15.4
2936,17.7
3021,12.3
3045,3.1
304A,2.2
3050,229.3
3077,5.9
3083,9.5
3086,632.6
3087,126.0
3139,36.6
3174,1.5
3177,3.2
3181,3.3
3189,8.1
3198,56.1
3223,1.5
325A,27.3
3266,3.3
3267,5.6
3290,78.9
3297,3.7
3387,323.3
339A,10.4
3440,6.2
3479,72.4
3536,3.9
3541,16.5
3547,21.4
3548,27.5
3557,4.8
3558,16.6
3645,2.8
367A,21.8
3697,160.5
369A,10.3
372A,21.7
3791,27.1
3810,15.8
3823,5.8
3826,5.1
3892,8.1
3915,20.7
3935,4.1
3967,3.8
3987,2.7
3991,10.7
3994,200.4
4015,7.2
4016,1.9
402A,44.5
414A,19.9
4197,2.8
4198,3.6
4270,4.6
4412,15.6
4413,59.3
4429,4.4
4433,16.7
4434,14.4
4439,28.5
4494,3.4
4616,1.9
4645,3.4
469A,2.5
4885,4.2
5018,17.0
5025,1.9
5026,5.4
5078,16.4
5243,52.2
5527,9.1
5574,29.7
5575,3.2
5580,2.7
5817,9.0
5885,15.9
6044,11.5
6047,12.2
6058,60.1
6086,20.0
6150,3.1
6173,1.5
6182,5.2
6199,19.6
6224,16.1
6521,54.1
6522,8.0
6532,685.8
6543,4.9
6558,1.9
6572,12.5
6897,4.3
7035,2.5
7065,6.8
7074,1.7
7077,1.8
7083,1.5
7351,4.1
7352,25.0
7357,4.4
7388,56.8
7520,27.3
7601,2.1
7608,13.3
7610,9.3
7689,1.3
7719,3.6
7730,151.0
7805,3.6
7807,3.5
7808,5.8
7818,61.2
7879,10.5
7997,1.7
8011,40.9
8143,0.5
8233,574.5
8237,113.4
8254,1.6
8273,224.2
8783,6.8
8887,15.6
8904,12.1
9215,1.7
9238,1.3
9241,1.2
9250,1.6
9252,10.7
9381,52.5
9601,159.7
9602,1370.2
9716,152.2
9778,3.3
9812,1.7
9837,47.6
9842,117.2
9978,2.1
9979,23.1
9993,12.0
2884,22.2
2972,58.8
7847,4.0
8968,153.8
3226,339.8
3295,237.6
3481,190.1
8984,593.5
3462,755.0
3488,28.0
3492,80.5
8953,850.2
8954,552.0
3466,279.2
8961,263.4
365A,6.8
4317,7.3
6085,30.5
7515,4.2
