Code,ExDate,Factor,Status,PrevDate,PrevClose,Close,Snapped,TdnetNotice
1321,2026-10-06,100.0,split,2026-09-28,68210.0,735.0999755859375,yes,
1925,2026-09-29,2.0,split,2026-09-28,4551.0,2173.5,yes,
1926,2026-09-29,4.0,split,2026-09-28,3910.0,948.0,yes,2026-08-05
2282,2026-09-29,3.0,split,2026-09-28,6044.0,1955.5,yes,
285A,2026-09-29,3.0,split,2026-09-28,55780.0,17880.0,yes,
3099,2026-09-29,2.0,split,2026-09-28,3343.0,1618.0,yes,
3106,2026-09-29,5.0,split,2026-09-28,11690.0,2325.0,yes,
4062,2026-09-29,2.0,split,2026-09-28,23345.0,11020.0,yes,2026-08-04
4471,2026-09-29,4.0,split,2026-09-28,6540.0,1596.0,yes,2026-08-05
5232,2026-09-29,3.0,split,2026-09-28,5745.0,1824.0,yes,2026-08-04
5334,2026-09-29,2.0,split,2026-09-28,7621.0,3737.0,yes,
5706,2026-09-29,10.0,split,2026-09-28,22975.0,2272.0,yes,
5805,2026-09-29,5.0,split,2026-09-28,13540.0,2596.0,yes,2026-08-31
6135,2026-09-29,5.0,split,2026-09-28,15750.0,3055.0,yes,
6368,2026-09-29,5.0,split,2026-09-28,12690.0,2522.0,yes,
6622,2026-09-29,5.0,split,2026-09-28,12930.0,2543.0,yes,2026-08-04
7236,2026-07-01,10.0,split,2026-06-26,15050.0,1480.0,yes,
7242,2026-09-29,3.0,split,2026-09-28,4715.0,1512.0,yes,
7282,2026-09-29,5.0,split,2026-09-28,5310.0,1017.5,yes,
7433,2026-09-29,3.0,split,2026-09-28,5700.0,1829.0,yes,
7649,2026-08-28,2.0,split,2026-08-27,2730.0,1324.0,yes,
7911,2026-09-29,2.0,split,2026-09-28,4918.0,2339.5,yes,2026-08-27
7988,2026-09-29,2.0,split,2026-09-28,4954.0,2367.0,yes,
8035,2026-09-29,5.0,split,2026-09-28,56520.0,11505.0,yes,
8174,2026-09-29,3.0,split,2026-09-28,3084.0,948.0,yes,2026-08-28
8227,2026-02-18,3.0,split,2026-02-17,10935.94,3678.33,yes,
8316,2026-09-29,2.0,split,2026-09-28,6919.0,3357.0,yes,
8360,2026-09-29,5.0,split,2026-09-28,7620.0,1491.0,yes,
8361,2026-09-29,5.0,split,2026-09-28,8850.0,1746.0,yes,
8370,2026-09-29,3.0,split,2026-09-28,5390.0,1743.0,yes,
8377,2026-09-29,10.0,split,2026-09-28,8815.0,838.4000244140625,yes,
8388,2026-09-29,5.0,split,2026-09-28,11040.0,2185.0,yes,2026-08-25
8766,2026-09-29,15.0,split,2026-09-28,7992.0,523.2000122070312,yes,2026-08-25
9065,2026-09-29,5.0,split,2026-09-28,8224.0,1567.0,yes,
9068,2026-09-29,2.0,split,2026-09-28,7370.0,3570.0,yes,2026-08-10
9956,2026-09-29,2.0,split,2026-09-28,3370.0,1643.0,yes,
9987,2026-09-29,2.0,split,2026-09-28,5386.0,2557.0,yes,
