Code,MarketDiv,Name,ScaleCategory,Sector,Sector33
1301,0111,"KYOKUYO CO.,LTD.",TOPIX Small 1,,
1332,0111,Nissui Corporation,TOPIX Mid400,,
1333,0111,Umios Corporation,TOPIX Mid400,,
1377,0111,SAKATA SEED CORPORATION,TOPIX Small 1,,
1414,0111,"SHO-BOND Holdings Co.,Ltd.",TOPIX Mid400,,
1417,0111,MIRAIT ONE Corporation,TOPIX Mid400,,
1419,0111,"Tama Home Co.,Ltd.",TOPIX Small 1,,
1515,0111,"Nittetsu Mining Co.,Ltd.",TOPIX Small 1,,
1518,0111,"MITSUI MATSUSHIMA HOLDINGS CO.,LTD.",TOPIX Small 1,,
1605,0111,INPEX CORPORATION,TOPIX Mid400,,
1662,0111,"Japan Petroleum Exploration Co.,Ltd.",TOPIX Small 1,,
1663,0111,K&O Energy Group Inc.,TOPIX Small 1,,
167A,0111,"Ryoyo Ryosan Holdings,Inc.",TOPIX Small 1,,
1719,0111,HAZAMA ANDO CORPORATION,TOPIX Mid400,,
1720,0111,"TOKYU CONSTRUCTION CO., LTD.",TOPIX Small 1,,
1721,0111,COMSYS Holdings Corporation,TOPIX Mid400,,
1766,0111,TOKEN CORPORATION,TOPIX Small 1,,
1801,0111,TAISEI CORPORATION,TOPIX Mid400,,
1802,0111,OBAYASHI CORPORATION,TOPIX Mid400,,
1803,0111,SHIMIZU CORPORATION,TOPIX Mid400,,
1808,0111,HASEKO Corporation,TOPIX Mid400,,
1812,0111,KAJIMA CORPORATION,TOPIX Mid400,,
1820,0111,"Nishimatsu Construction Co.,Ltd.",TOPIX Mid400,,
1833,0111,OKUMURA CORPORATION,TOPIX Small 1,,
1835,0111,"TOTETSU KOGYO CO.,LTD.",TOPIX Small 1,,
1852,0111,ASANUMA CORPORATION,TOPIX Small 1,,
1860,0111,TODA CORPORATION,TOPIX Mid400,,
1861,0111,"Kumagai Gumi Co.,Ltd.",TOPIX Small 1,,
1870,0111,"YAHAGI CONSTRUCTION CO.,LTD.",TOPIX Small 1,,
1878,0111,"DAITO TRUST CONSTRUCTION CO.,LTD.",TOPIX Mid400,,
1882,0111,TOA ROAD CORPORATION,TOPIX Small 1,,
1885,0111,TOA CORPORATION,TOPIX Small 1,,
1893,0111,"PENTA-OCEAN CONSTRUCTION CO.,LTD.",TOPIX Mid400,,
1898,0111,"SEIKITOKYU KOGYO CO.,LTD.",TOPIX Small 1,,
1911,0111,"Sumitomo Forestry Co.,Ltd.",TOPIX Mid400,,
1925,0111,"DAIWA HOUSE INDUSTRY CO.,LTD.",TOPIX Large70,,
1926,0111,"RAITO KOGYO CO.,LTD.",TOPIX Small 1,,
1928,0111,"Sekisui House,Ltd.",TOPIX Large70,,
1934,0111,YURTEC CORPORATION,TOPIX Small 1,,
1941,0111,CHUDENKO CORPORATION,TOPIX Small 1,,
1942,0111,"KANDENKO CO.,LTD.",TOPIX Mid400,,
1944,0111,KINDEN CORPORATION,TOPIX Mid400,,
1950,0111,"NIPPON DENSETSU KOGYO CO.,LTD.",TOPIX Small 1,,
1951,0111,"EXEO Group,Inc.",TOPIX Mid400,,
1952,0111,"Shin Nippon Air Technologies Co.,Ltd.",TOPIX Small 1,,
1959,0111,KRAFTIA CORPORATION,TOPIX Mid400,,
1961,0111,"SANKI ENGINEERING CO.,LTD.",TOPIX Small 1,,
1963,0111,JGC HOLDINGS CORPORATION,TOPIX Mid400,,
1968,0111,"TAIHEI DENGYO KAISHA,LTD.",TOPIX Small 1,,
1969,0111,"Takasago Thermal Engineering Co.,Ltd.",TOPIX Mid400,,
1975,0111,"ASAHI KOGYOSHA CO.,LTD.",TOPIX Small 1,,
1979,0111,Taikisha Ltd.,TOPIX Small 1,,
1980,0111,"DAI-DAN CO.,LTD.",TOPIX Small 1,,
2001,0111,NIPPN CORPORATION,TOPIX Small 1,,
2002,0111,NISSHIN SEIFUN GROUP INC.,TOPIX Mid400,,
2109,0111,"Mitsui DM Sugar Co.,Ltd.",TOPIX Small 1,,
2121,0111,"MIXI,Inc.",TOPIX Small 1,,
2124,0111,"JAC Recruitment Co.,Ltd.",TOPIX Small 1,,
2127,0111,Nihon M&A Center Holdings Inc.,TOPIX Mid400,,
2146,0111,"UT Group Co.,Ltd.",TOPIX Small 1,,
2154,0111,Open Up Group Inc.,TOPIX Small 1,,
2157,0111,"KOSHIDAKA HOLDINGS Co.,LTD.",TOPIX Small 1,,
2168,0111,Pasona Group Inc.,TOPIX Small 1,,
2175,0111,"SMS CO.,LTD.",TOPIX Small 1,,
2181,0111,"PERSOL HOLDINGS CO.,LTD.",TOPIX Mid400,,
2201,0111,"Morinaga & Co.,Ltd.",TOPIX Mid400,,
2206,0111,"Ezaki Glico Co.,Ltd.",TOPIX Mid400,,
2212,0111,"YAMAZAKI BAKING CO.,LTD.",TOPIX Mid400,,
2220,0111,"KAMEDA SEIKA CO.,LTD.",TOPIX Small 1,,
2222,0111,"Kotobuki Spirits Co.,Ltd.",TOPIX Mid400,,
2229,0111,"CALBEE,Inc.",TOPIX Mid400,,
2264,0111,"MORINAGA MILK INDUSTRY CO.,LTD.",TOPIX Mid400,,
2267,0111,"YAKULT HONSHA CO.,LTD.",TOPIX Mid400,,
2269,0111,"Meiji Holdings Co.,Ltd.",TOPIX Mid400,,
2270,0111,"MEGMILK SNOW BRAND Co.,Ltd.",TOPIX Small 1,,
2281,0111,"Prima Meat Packers,Ltd.",TOPIX Small 1,,
2282,0111,NH Foods Ltd.,TOPIX Mid400,,
2292,0111,S Foods Inc.,TOPIX Small 1,,
2296,0111,ITOHAM YONEKYU HOLDINGS INC.,TOPIX Small 1,,
2317,0111,Systena Corporation,TOPIX Small 1,,
2326,0111,Digital Arts Inc.,TOPIX Small 1,,
2327,0111,NS Solutions Corporation,TOPIX Mid400,,
2331,0111,"ALSOK CO.,LTD.",TOPIX Mid400,,
2337,0111,Ichigo Inc.,TOPIX Small 1,,
2353,0111,"NIPPON PARKING DEVELOPMENT Co.,Ltd.",TOPIX Small 1,,
2371,0111,"Kakaku.com,Inc.",TOPIX Mid400,,
2379,0111,dip Corporation,TOPIX Small 1,,
2384,0111,"SBS Holdings,Inc.",TOPIX Small 1,,
2413,0111,"M3,Inc.",TOPIX Mid400,,
2432,0111,"DeNA Co.,Ltd.",TOPIX Mid400,,
2433,0111,HAKUHODO DY HOLDINGS INCORPORATED,TOPIX Mid400,,
2492,0111,Infomart Corporation,TOPIX Small 1,,
2501,0111,SAPPORO HOLDINGS LIMITED,TOPIX Mid400,,
2502,0111,"Asahi Group Holdings,Ltd.",TOPIX Large70,,
2503,0111,"Kirin Holdings Company,Limited",TOPIX Large70,,
2531,0111,TAKARA HOLDINGS INC.,TOPIX Mid400,,
2579,0111,Coca-Cola Bottlers Japan Holdings Inc.,TOPIX Mid400,,
2585,0111,"LIFEDRINK COMPANY,INC.",TOPIX Small 1,,
2587,0111,Suntory Beverage & Food Limited,TOPIX Mid400,,
2590,0111,"DyDo GROUP HOLDINGS,INC.",TOPIX Small 1,,
2593,0111,"ITO EN,LTD.",TOPIX Mid400,,
2602,0111,"The Nisshin OilliO Group,Ltd.",TOPIX Small 1,,
2607,0111,"FUJI OIL CO.,LTD.",TOPIX Mid400,,
2659,0111,"SAN-A CO.,LTD.",TOPIX Small 1,,
2664,0111,CAWACHI LIMITED,TOPIX Small 1,,
2670,0111,"ABC-MART,INC.",TOPIX Mid400,,
2678,0111,ASKUL Corporation,TOPIX Small 1,,
2681,0111,GEO HOLDINGS CORPORATION,TOPIX Small 1,,
2685,0111,"and ST HD Co.,Ltd.",TOPIX Small 1,,
268A,0111,Rigaku Holdings Corporation,TOPIX Small 1,,
2695,0111,"Kura Sushi,Inc.",TOPIX Small 1,,
2726,0111,"PAL GROUP Holdings CO.,LTD",TOPIX Small 1,,
2730,0111,EDION Corporation,TOPIX Small 1,,
2733,0111,ARATA CORPORATION,TOPIX Small 1,,
2749,0111,"JP-HOLDINGS,INC.",TOPIX Small 1,,
2752,0111,FUJIO FOOD GROUP INC.,TOPIX Small 1,,
2760,0111,TOKYO ELECTRON DEVICE LIMITED,TOPIX Small 1,,
2767,0111,TSUBURAYA FIELDS HOLDINGS INC.,TOPIX Small 1,,
2768,0111,Sojitz Corporation,TOPIX Mid400,,
2784,0111,Alfresa Holdings Corporation,TOPIX Mid400,,
2791,0111,"DAIKOKUTENBUSSAN CO.,LTD.",TOPIX Small 1,,
2801,0111,KIKKOMAN CORPORATION,TOPIX Mid400,,
2802,0111,"Ajinomoto Co.,Inc.",TOPIX Large70,,
2809,0111,Kewpie Corporation,TOPIX Mid400,,
2810,0111,House Foods Group Inc.,TOPIX Mid400,,
2811,0111,"KAGOME CO.,LTD.",TOPIX Mid400,,
2815,0111,"ARIAKE JAPAN Co.,Ltd.",TOPIX Small 1,,
285A,0111,Kioxia Holdings Corporation,TOPIX Mid400,,
2871,0111,NICHIREI CORPORATION,TOPIX Mid400,,
2874,0111,"YOKOREI CO.,LTD.",TOPIX Small 1,,
2875,0111,"TOYO SUISAN KAISHA,LTD.",TOPIX Mid400,,
2897,0111,"NISSIN FOODS HOLDINGS CO.,LTD.",TOPIX Mid400,,
2914,0111,JAPAN TOBACCO INC.,TOPIX Core30,,
2918,0111,"WARABEYA NICHIYO HOLDINGS CO.,LTD.",TOPIX Small 1,,
2931,0111,"Euglena Co.,Ltd.",TOPIX Small 1,,
3002,0111,GUNZE LIMITED,TOPIX Small 1,,
3003,0111,"Hulic Co.,Ltd.",TOPIX Mid400,,
3028,0111,"Alpen Co.,Ltd.",TOPIX Small 1,,
3034,0111,"Qol Holdings Co.,Ltd.",TOPIX Small 1,,
3036,0111,ALCONIX CORPORATION,TOPIX Small 1,,
3038,0111,"KOBE BUSSAN CO.,LTD.",TOPIX Mid400,,
3046,0111,JINS HOLDINGS Inc.,TOPIX Small 1,,
3048,0111,BIC CAMERA INC.,TOPIX Mid400,,
3050,0111,"DCM Holdings Co.,Ltd.",TOPIX Small 1,,
3064,0111,"MonotaRO Co.,Ltd.",TOPIX Mid400,,
3076,0111,Ai Holdings Corporation,TOPIX Small 1,,
3086,0111,"J.FRONT RETAILING Co.,Ltd.",TOPIX Mid400,,
3087,0111,"DOUTOR・NICHIRES Holdings Co.,Ltd.",TOPIX Small 1,,
3088,0111,MatsukiyoCocokara & Co.,TOPIX Mid400,,
3091,0111,"BRONCO BILLY Co.,LTD.",TOPIX Small 1,,
3092,0111,"ZOZO,Inc.",TOPIX Mid400,,
3097,0111,The Monogatari Corporation,TOPIX Small 1,,
3099,0111,Isetan Mitsukoshi Holdings Ltd.,TOPIX Mid400,,
3101,0111,"TOYOBO CO.,LTD.",TOPIX Small 1,,
3105,0111,Nisshinbo Holdings Inc.,TOPIX Mid400,,
3106,0111,KURABO INDUSTRIES LTD.,TOPIX Small 1,,
3107,0111,"Daiwabo Holdings Co.,Ltd.",TOPIX Mid400,,
3110,0111,"NITTO BOSEKI CO.,LTD.",TOPIX Small 1,,
3116,0111,TOYOTA BOSHOKU CORPORATION,TOPIX Mid400,,
3132,0111,"MACNICA HOLDINGS,INC.",TOPIX Mid400,,
3148,0111,"CREATE SD HOLDINGS CO.,LTD.",TOPIX Small 1,,
3167,0111,TOKAI Holdings Corporation,TOPIX Small 1,,
3182,0111,Oisix ra daichi Inc.,TOPIX Small 1,,
3186,0111,"NEXTAGE Co.,Ltd.",TOPIX Small 1,,
3191,0111,"JOYFUL HONDA CO.,LTD.",TOPIX Small 1,,
3197,0111,"SKYLARK HOLDINGS CO.,LTD.",TOPIX Mid400,,
3201,0111,"THE JAPAN WOOL TEXTILE CO.,LTD.",TOPIX Small 1,,
3222,0112,United Super Markets Holdings Inc.,TOPIX Small 1,,
3231,0111,"Nomura Real Estate Holdings,Inc.",TOPIX Mid400,,
3288,0111,"Open House Group Co.,Ltd.",TOPIX Mid400,,
3289,0111,Tokyu Fudosan Holdings Corporation,TOPIX Mid400,,
3291,0111,"Iida Group Holdings Co.,Ltd.",TOPIX Mid400,,
3349,0111,COSMOS Pharmaceutical Corporation,TOPIX Mid400,,
3360,0111,"SHIP HEALTHCARE HOLDINGS,INC.",TOPIX Mid400,,
3382,0111,"Seven & i Holdings Co.,Ltd.",TOPIX Core30,,
3387,0111,create restaurants holdings inc.,TOPIX Small 1,,
3391,0111,TSURUHA HOLDINGS INC.,TOPIX Mid400,,
3395,0111,"Saint Marc Holdings Co.,Ltd.",TOPIX Small 1,,
3397,0111,TORIDOLL Holdings Corporation,TOPIX Mid400,,
3401,0111,TEIJIN LIMITED,TOPIX Mid400,,
3402,0111,"TORAY INDUSTRIES,INC.",TOPIX Mid400,,
3405,0111,"KURARAY CO.,LTD.",TOPIX Mid400,,
3407,0111,ASAHI KASEI CORPORATION,TOPIX Large70,,
3431,0111,"MIYAJI ENGINEERING GROUP,INC.",TOPIX Small 1,,
3433,0111,"TOCALO Co.,Ltd.",TOPIX Small 1,,
3436,0111,SUMCO CORPORATION,TOPIX Mid400,,
3445,0111,"RS Technologies Co.,Ltd.",TOPIX Small 1,,
3465,0111,"KI-STAR REAL ESTATE CO.,LTD",TOPIX Small 1,,
3498,0111,"Kasumigaseki Capital Co.,Ltd.",TOPIX Small 1,,
3543,0111,"KOMEDA Holdings Co.,Ltd.",TOPIX Small 1,,
3549,0111,"KUSURI NO AOKI HOLDINGS CO.,LTD.",TOPIX Mid400,,
3563,0111,FOOD & LIFE COMPANIES LTD.,TOPIX Mid400,,
3569,0111,"SEIREN CO.,LTD.",TOPIX Small 1,,
3591,0111,WACOAL HOLDINGS CORP.,TOPIX Mid400,,
3608,0111,"TSI HOLDINGS CO.,LTD.",TOPIX Small 1,,
3612,0111,"WORLD CO.,LTD.",TOPIX Small 1,,
3626,0111,TIS Inc.,TOPIX Mid400,,
3635,0111,"KOEI TECMO HOLDINGS CO.,LTD.",TOPIX Mid400,,
3636,0111,"Mitsubishi Research Institute,Inc.",TOPIX Small 1,,
3659,0111,"NEXON Co.,Ltd.",TOPIX Mid400,,
3660,0111,istyle Inc.,TOPIX Small 1,,
3661,0111,"m-up holdings,Inc.",TOPIX Small 1,,
3668,0111,"COLOPL,Inc.",TOPIX Small 1,,
3673,0111,"Broadleaf Co.,Ltd.",TOPIX Small 1,,
3697,0111,SHIFT Inc.,TOPIX Mid400,,
3762,0111,TECHMATRIX CORPORATION,TOPIX Small 1,,
3765,0111,"GungHo Online Entertainment,Inc.",TOPIX Small 1,,
3769,0111,"GMO Payment Gateway,Inc.",TOPIX Mid400,,
3774,0111,Internet Initiative Japan Inc.,TOPIX Mid400,,
3778,0111,SAKURA internet Inc.,TOPIX Small 1,,
3844,0111,COMTURE CORPORATION,TOPIX Small 1,,
3861,0111,Oji Holdings Corporation,TOPIX Mid400,,
3863,0111,"Nippon Paper Industries Co.,Ltd.",TOPIX Small 1,,
3865,0111,Hokuetsu Corporation,TOPIX Small 1,,
3880,0111,Daio Paper Corporation,TOPIX Small 1,,
3923,0111,"RAKUS Co.,Ltd.",TOPIX Mid400,,
3941,0111,"Rengo Co.,Ltd.",TOPIX Mid400,,
3962,0111,"CHANGE Holdings,Inc.",TOPIX Small 1,,
3993,0111,PKSHA Technology Inc.,TOPIX Small 1,,
3994,0111,"Money Forward,Inc.",TOPIX Mid400,,
4004,0111,Resonac Holdings Corporation,TOPIX Mid400,,
4005,0111,"SUMITOMO CHEMICAL COMPANY,LIMITED",TOPIX Mid400,,
4008,0111,"Sumitomo Seika Chemicals Company,Limited.",TOPIX Small 1,,
4021,0111,Nissan Chemical Corporation,TOPIX Mid400,,
4023,0111,KUREHA CORPORATION,TOPIX Small 1,,
4028,0111,"ISHIHARA SANGYO KAISHA,LTD.",TOPIX Small 1,,
4041,0111,"Nippon Soda Co.,Ltd.",TOPIX Small 1,,
4042,0111,TOSOH CORPORATION,TOPIX Mid400,,
4043,0111,Tokuyama Corporation,TOPIX Mid400,,
4044,0111,"Central Glass Co.,Ltd.",TOPIX Small 1,,
4045,0111,"TOAGOSEI CO.,LTD.",TOPIX Mid400,,
4046,0111,"OSAKA SODA CO.,LTD.",TOPIX Small 1,,
4047,0111,"KANTO DENKA KOGYO CO.,LTD.",TOPIX Small 1,,
4061,0111,Denka Company Limited,TOPIX Mid400,,
4062,0111,"IBIDEN CO.,LTD.",TOPIX Mid400,,
4063,0111,"Shin-Etsu Chemical Co.,Ltd.",TOPIX Core30,,
4071,0111,"Plus Alpha Consulting Co.,LTD.",TOPIX Small 1,,
4078,0111,"Sakai Chemical Industry Co.,Ltd.",TOPIX Small 1,,
4091,0111,NIPPON SANSO HOLDINGS CORPORATION,TOPIX Mid400,,
4095,0111,"NIHON PARKERIZING CO.,LTD.",TOPIX Small 1,,
4109,0111,STELLA CHEMIFA CORPORATION,TOPIX Small 1,,
4114,0111,"NIPPON SHOKUBAI CO.,LTD.",TOPIX Mid400,,
4118,0111,KANEKA CORPORATION,TOPIX Mid400,,
4151,0111,"Kyowa Kirin Co.,Ltd.",TOPIX Mid400,,
417A,0111,"BLUE ZONES HOLDINGS CO.,LTD.",TOPIX Mid400,,
4180,0111,"Appier Group,Inc.",TOPIX Small 1,,
4182,0111,"Mitsubishi Gas Chemical Company,Inc.",TOPIX Mid400,,
4183,0111,"Mitsui Chemicals,Inc.",TOPIX Mid400,,
4186,0111,"TOKYO OHKA KOGYO CO.,LTD.",TOPIX Mid400,,
4187,0111,OSAKA ORGANIC CHEMICAL INDUSTRY LTD.,TOPIX Small 1,,
4188,0111,Mitsubishi Chemical Group Corporation,TOPIX Large70,,
4189,0111,"KH Neochem Co.,Ltd.",TOPIX Small 1,,
4194,0111,"Visional,Inc.",TOPIX Mid400,,
4202,0111,Daicel Corporation,TOPIX Mid400,,
4203,0111,"Sumitomo Bakelite Company,Limited",TOPIX Mid400,,
4204,0111,"Sekisui Chemical Co.,Ltd.",TOPIX Mid400,,
4205,0111,ZEON CORPORATION,TOPIX Mid400,,
4206,0111,"Aica Kogyo Company,Limited",TOPIX Mid400,,
4208,0111,UBE Corporation,TOPIX Mid400,,
4212,0111,Sekisui Jushi Corporation,TOPIX Small 1,,
4216,0111,ASAHI YUKIZAI CORPORATION,TOPIX Small 1,,
4272,0111,"NIPPON KAYAKU CO.,LTD.",TOPIX Mid400,,
4290,0111,Prestige International Inc.,TOPIX Small 1,,
4307,0111,"Nomura Research Institute,Ltd.",TOPIX Large70,,
4324,0111,DENTSU GROUP INC.,TOPIX Mid400,,
4368,0111,"FUSO CHEMICAL CO.,LTD.",TOPIX Small 1,,
4369,0111,Tri Chemical Laboratories Inc.,TOPIX Small 1,,
4373,0111,"Simplex Holdings,Inc.",TOPIX Small 1,,
4385,0111,"Mercari,Inc.",TOPIX Mid400,,
4401,0111,ADEKA CORPORATION,TOPIX Mid400,,
4403,0111,NOF CORPORATION,TOPIX Mid400,,
4432,0111,WingArc1st Inc.,TOPIX Small 1,,
4443,0111,"Sansan,Inc.",TOPIX Small 1,,
4452,0111,Kao Corporation,TOPIX Large70,,
4471,0111,"SANYO CHEMICAL INDUSTRIES,LTD.",TOPIX Small 1,,
4480,0111,"MEDLEY,INC.",TOPIX Small 1,,
4483,0111,JMDC Inc.,TOPIX Small 1,,
4502,0111,Takeda Pharmaceutical Company Limited,TOPIX Core30,,
4503,0111,Astellas Pharma Inc.,TOPIX Large70,,
4506,0111,"Sumitomo Pharma Co.,Ltd.",TOPIX Mid400,,
4507,0111,"Shionogi & Co.,Ltd.",TOPIX Large70,,
4516,0111,"Nippon Shinyaku Co.,Ltd.",TOPIX Mid400,,
4519,0111,"CHUGAI PHARMACEUTICAL CO.,LTD.",TOPIX Large70,,
4521,0111,"KAKEN PHARMACEUTICAL CO.,LTD.",TOPIX Small 1,,
4523,0111,"Eisai Co.,Ltd.",TOPIX Mid400,,
4527,0111,"ROHTO PHARMACEUTICAL CO.,LTD.",TOPIX Mid400,,
4528,0111,"ONO PHARMACEUTICAL CO.,LTD.",TOPIX Mid400,,
4536,0111,"SANTEN PHARMACEUTICAL CO.,LTD.",TOPIX Mid400,,
4540,0111,TSUMURA & CO.,TOPIX Mid400,,
4543,0111,TERUMO CORPORATION,TOPIX Large70,,
4544,0111,"H.U. Group Holdings,Inc.",TOPIX Mid400,,
4547,0111,"KISSEI PHARMACEUTICAL CO.,LTD.",TOPIX Small 1,,
4549,0111,"EIKEN CHEMICAL CO.,LTD.",TOPIX Small 1,,
4552,0111,"JCR Pharmaceuticals Co.,Ltd.",TOPIX Small 1,,
4553,0111,"TOWA PHARMACEUTICAL CO.,LTD.",TOPIX Small 1,,
4559,0111,"ZERIA PHARMACEUTICAL CO.,LTD.",TOPIX Small 1,,
4565,0111,"Nxera Pharma Co.,Ltd.",TOPIX Small 1,,
4568,0111,"DAIICHI SANKYO COMPANY,LIMITED",TOPIX Core30,,
4569,0111,"KYORIN Pharmaceutical Co.,Ltd.",TOPIX Small 1,,
4578,0111,"Otsuka Holdings Co.,Ltd.",TOPIX Large70,,
4587,0111,PeptiDream Inc.,TOPIX Mid400,,
4612,0111,"NIPPON PAINT HOLDINGS CO.,LTD.",TOPIX Mid400,,
4613,0111,"KANSAI PAINT CO.,LTD.",TOPIX Mid400,,
4617,0111,"Chugoku Marine Paints,Ltd.",TOPIX Small 1,,
4626,0111,"TAIYO HOLDINGS CO.,LTD.",TOPIX Mid400,,
4631,0111,DIC Corporation,TOPIX Mid400,,
4633,0111,SAKATA INX CORPORATION,TOPIX Small 1,,
4634,0111,"artience Co.,Ltd.",TOPIX Small 1,,
4661,0111,"ORIENTAL LAND CO.,LTD.",TOPIX Large70,,
4665,0111,"DUSKIN CO.,LTD.",TOPIX Mid400,,
4666,0111,"PARK24 Co.,Ltd.",TOPIX Mid400,,
4676,0111,"FUJI MEDIA HOLDINGS,INC.",TOPIX Mid400,,
4680,0111,ROUND ONE Corporation,TOPIX Mid400,,
4681,0111,"RESORTTRUST,INC.",TOPIX Mid400,,
4684,0111,"OBIC Co.,Ltd.",TOPIX Mid400,,
4686,0111,JUSTSYSTEMS CORPORATION,TOPIX Small 1,,
4689,0111,LY Corporation,TOPIX Large70,,
4694,0111,"BML,INC.",TOPIX Small 1,,
4704,0111,Trend Micro Incorporated,TOPIX Mid400,,
4716,0112,ORACLE CORPORATION JAPAN,TOPIX Mid400,,
4722,0111,Future Corporation,TOPIX Small 1,,
4732,0111,"USS Co.,Ltd.",TOPIX Mid400,,
4733,0111,"OBIC BUSINESS CONSULTANTS CO.,LTD.",TOPIX Mid400,,
4751,0111,"CyberAgent,Inc.",TOPIX Mid400,,
4755,0111,"Rakuten Group,Inc.",TOPIX Mid400,,
4768,0111,OTSUKA CORPORATION,TOPIX Mid400,,
4776,0111,"Cybozu,Inc.",TOPIX Small 1,,
4812,0111,DENTSU SOKEN INC.,TOPIX Small 1,,
4819,0111,"Digital Garage,Inc.",TOPIX Small 1,,
4825,0111,WEATHERNEWS INC.,TOPIX Small 1,,
4849,0111,en Inc.,TOPIX Small 1,,
4887,0111,"SAWAI GROUP HOLDINGS Co.,Ltd.",TOPIX Mid400,,
4901,0111,FUJIFILM Holdings Corporation,TOPIX Large70,,
4902,0111,"KONICA MINOLTA,INC.",TOPIX Mid400,,
4911,0111,"Shiseido Company,Limited",TOPIX Mid400,,
4912,0111,Lion Corporation,TOPIX Mid400,,
4914,0111,TAKASAGO INTERNATIONAL CORPORATION,TOPIX Small 1,,
4919,0111,"Milbon Co.,Ltd.",TOPIX Small 1,,
4922,0111,KOSE Holdings Corporation,TOPIX Mid400,,
4927,0111,POLA ORBIS HOLDINGS INC.,TOPIX Mid400,,
4928,0111,"Noevir Holdings Co.,Ltd.",TOPIX Small 1,,
4958,0111,"T.HASEGAWA CO.,LTD.",TOPIX Small 1,,
4967,0111,"KOBAYASHI PHARMACEUTICAL CO.,LTD.",TOPIX Mid400,,
4971,0111,MEC COMPANY LTD.,TOPIX Small 1,,
4975,0111,JCU CORPORATION,TOPIX Small 1,,
4980,0111,Dexerials Corporation,TOPIX Mid400,,
4985,0111,Earth Corporation,TOPIX Small 1,,
4996,0111,"KUMIAI CHEMICAL INDUSTRY CO.,LTD.",TOPIX Small 1,,
5016,0111,JX Advanced Metals Corporation,TOPIX Mid400,,
5019,0111,"Idemitsu Kosan Co.,Ltd.",TOPIX Mid400,,
5020,0111,"ENEOS Holdings,Inc.",TOPIX Large70,,
5021,0111,"COSMO ENERGY HOLDINGS COMPANY,LIMITED",TOPIX Mid400,,
5032,0111,ANYCOLOR Inc.,TOPIX Small 1,,
5076,0111,INFRONEER Holdings Inc.,TOPIX Mid400,,
5101,0111,"The Yokohama Rubber Company,Limited",TOPIX Mid400,,
5105,0111,Toyo Tire Corporation,TOPIX Mid400,,
5108,0111,BRIDGESTONE CORPORATION,TOPIX Large70,,
5110,0111,"Sumitomo Rubber Industries,Ltd.",TOPIX Mid400,,
5192,0111,Mitsuboshi Belting Ltd.,TOPIX Small 1,,
5201,0111,AGC Inc.,TOPIX Mid400,,
5202,0111,"Nippon Sheet Glass Company,Limited",TOPIX Small 1,,
5208,0111,"Arisawa Mfg.Co.,Ltd.",TOPIX Small 1,,
5214,0111,"Nippon Electric Glass Co.,Ltd.",TOPIX Mid400,,
5232,0111,"Sumitomo Osaka Cement Co.,Ltd.",TOPIX Mid400,,
5233,0111,TAIHEIYO CEMENT CORPORATION,TOPIX Mid400,,
5262,0111,Nippon Hume Corporation,TOPIX Small 1,,
5301,0111,"TOKAI CARBON CO.,LTD.",TOPIX Mid400,,
5302,0111,"Nippon Carbon Co.,Ltd.",TOPIX Small 1,,
5310,0111,"TOYO TANSO CO.,LTD.",TOPIX Small 1,,
5331,0111,"NORITAKE CO.,LIMITED",TOPIX Small 1,,
5332,0111,TOTO LTD.,TOPIX Mid400,,
5333,0111,NGK Corporation,TOPIX Mid400,,
5334,0111,"Niterra Co.,Ltd.",TOPIX Mid400,,
5344,0111,"MARUWA CO.,LTD.",TOPIX Mid400,,
5351,0111,"SHINAGAWA REFRA CO.,LTD.",TOPIX Small 1,,
5384,0111,FUJIMI INCORPORATED,TOPIX Small 1,,
5393,0111,NICHIAS CORPORATION,TOPIX Mid400,,
5401,0111,NIPPON STEEL CORPORATION,TOPIX Large70,,
5406,0111,"Kobe Steel,Ltd.",TOPIX Mid400,,
5410,0111,"Godo Steel,Ltd.",TOPIX Small 1,,
5411,0111,"JFE Holdings,Inc.",TOPIX Mid400,,
5423,0111,"TOKYO STEEL MANUFACTURING CO.,LTD.",TOPIX Small 1,,
543A,0111,ARCHION Corporation,TOPIX Small 1,,
5440,0111,KYOEI STEEL LTD.,TOPIX Small 1,,
5444,0111,"YAMATO KOGYO CO.,LTD.",TOPIX Mid400,,
5445,0111,"TOKYO TEKKO CO.,LTD.",TOPIX Small 1,,
5451,0111,"YODOKO,Ltd.",TOPIX Small 1,,
5461,0111,"Chubu Steel Plate Co.,Ltd.",TOPIX Small 1,,
5463,0111,Maruichi Steel Tube Ltd.,TOPIX Mid400,,
5471,0111,"Daido Steel Co.,Ltd.",TOPIX Mid400,,
547A,0111,Muninova Holdings Inc.,TOPIX Small 1,,
5480,0111,"Nippon Yakin kogyo Co.,Ltd.",TOPIX Small 1,,
5482,0111,AICHI STEEL CORPORATION,TOPIX Small 1,,
5563,0111,"Nippon Denko Co.,Ltd.",TOPIX Small 1,,
5602,0111,"Kurimoto,Ltd.",TOPIX Small 1,,
5631,0111,"The Japan Steel Works,Ltd.",TOPIX Mid400,,
5702,0111,"DAIKI ALUMINIUM INDUSTRY CO.,LTD.",TOPIX Small 1,,
5703,0111,"Nippon Light Metal Holdings Company,Ltd.",TOPIX Small 1,,
5706,0111,"Mitsui Kinzoku Company,Limited",TOPIX Mid400,,
5711,0111,Mitsubishi Materials Corporation,TOPIX Mid400,,
5713,0111,"Sumitomo Metal Mining Co.,Ltd.",TOPIX Mid400,,
5714,0111,"DOWA HOLDINGS CO.,LTD.",TOPIX Mid400,,
5715,0111,"FURUKAWA CO.,LTD.",TOPIX Small 1,,
5726,0111,"OSAKA Titanium technologies Co.,Ltd.",TOPIX Small 1,,
5741,0111,UACJ Corporation,TOPIX Small 1,,
5801,0111,"Furukawa Electric Co.,Ltd.",TOPIX Mid400,,
5802,0111,"Sumitomo Electric Industries,Ltd.",TOPIX Large70,,
5803,0111,Fujikura Ltd.,TOPIX Large70,,
5805,0111,SWCC Corporation,TOPIX Small 1,,
5830,0111,"Iyogin Holdings,Inc.",TOPIX Mid400,,
5831,0111,"Shizuoka Financial Group,Inc.",TOPIX Mid400,,
5832,0111,"Chugin Financial Group,Inc.",TOPIX Mid400,,
5838,0111,"Rakuten Bank,Ltd.",TOPIX Mid400,,
5844,0111,"Kyoto Financial Group,Inc.",TOPIX Mid400,,
5851,0111,RYOBI LIMITED,TOPIX Small 1,,
5857,0111,"ARE Holdings,Inc.",TOPIX Small 1,,
5901,0111,"Toyo Seikan Group Holdings,Ltd.",TOPIX Mid400,,
5911,0111,Yokogawa Bridge Holdings Corp.,TOPIX Small 1,,
5929,0111,Sanwa Holdings Corporation,TOPIX Mid400,,
5930,0111,"Bunka Shutter Co.,Ltd.",TOPIX Small 1,,
5938,0111,LIXIL Corporation,TOPIX Mid400,,
5943,0111,NORITZ CORPORATION,TOPIX Small 1,,
5947,0111,RINNAI CORPORATION,TOPIX Mid400,,
5949,0111,UNIPRES CORPORATION,TOPIX Small 1,,
5970,0111,G-TEKT CORPORATION,TOPIX Small 1,,
5975,0111,Topre Corporation,TOPIX Small 1,,
5988,0111,"PIOLAX,INC.",TOPIX Small 1,,
5991,0111,"NHK SPRING CO.,LTD.",TOPIX Mid400,,
6005,0111,"MIURA CO.,LTD.",TOPIX Mid400,,
6013,0111,"TAKUMA CO.,LTD.",TOPIX Small 1,,
6036,0111,"KeePer Technical Laboratory Co.,Ltd.",TOPIX Small 1,,
6055,0111,"JAPAN MATERIAL Co.,Ltd.",TOPIX Small 1,,
6080,0111,"M&A Capital Partners Co.,Ltd.",TOPIX Small 1,,
6088,0111,SIGMAXYZ Holdings Inc.,TOPIX Small 1,,
6098,0111,"Recruit Holdings Co.,Ltd.",TOPIX Core30,,
6101,0111,TSUGAMI CORPORATION,TOPIX Small 1,,
6103,0111,OKUMA Corporation,TOPIX Small 1,,
6104,0111,"SHIBAURA MACHINE CO.,LTD.",TOPIX Small 1,,
6113,0111,"AMADA CO.,LTD.",TOPIX Mid400,,
6118,0111,"AIDA ENGINEERING,LTD.",TOPIX Small 1,,
6134,0111,FUJI CORPORATION,TOPIX Mid400,,
6135,0111,"Makino Milling Machine Co.,Ltd.",TOPIX Small 1,,
6136,0111,OSG Corporation,TOPIX Mid400,,
6140,0111,"Asahi Diamond Industrial Co.,Ltd.",TOPIX Small 1,,
6141,0111,"DMG MORI CO.,LTD.",TOPIX Mid400,,
6143,0111,"Sodick Co.,Ltd.",TOPIX Small 1,,
6146,0111,DISCO CORPORATION,TOPIX Large70,,
6178,0111,"JAPAN POST HOLDINGS Co.,Ltd.",TOPIX Large70,,
6196,0111,"Strike Group Co.,Ltd.",TOPIX Small 1,,
6200,0111,"Insource Co.,Ltd.",TOPIX Small 1,,
6209,0111,NPR-RIKEN CORPORATION,TOPIX Small 1,,
6222,0111,"SHIMA SEIKI MFG.,LTD.",TOPIX Small 1,,
6235,0111,"OPTORUN CO.,LTD.",TOPIX Small 1,,
6250,0111,YAMABIKO CORPORATION,TOPIX Small 1,,
6254,0111,"Nomura Micro Science Co.,Ltd.",TOPIX Small 1,,
6258,0111,HIRATA Corporation,TOPIX Small 1,,
6268,0111,Nabtesco Corporation,TOPIX Mid400,,
6269,0111,"MODEC,INC.",TOPIX Mid400,,
6273,0111,SMC CORPORATION,TOPIX Large70,,
6277,0111,HOSOKAWA MICRON CORPORATION,TOPIX Small 1,,
6278,0111,UNION TOOL CO.,TOPIX Small 1,,
6282,0111,OILES CORPORATION,TOPIX Small 1,,
6284,0111,"NISSEI ASB MACHINE CO.,LTD.",TOPIX Small 1,,
6287,0111,SATO CORPORATION,TOPIX Small 1,,
6301,0111,KOMATSU LTD.,TOPIX Large70,,
6302,0111,"SUMITOMO HEAVY INDUSTRIES,LTD.",TOPIX Mid400,,
6305,0111,"Hitachi Construction Machinery Co.,Ltd.",TOPIX Mid400,,
6315,0111,TOWA CORPORATION,TOPIX Small 1,,
6323,0111,RORZE CORPORATION,TOPIX Mid400,,
6326,0111,KUBOTA CORPORATION,TOPIX Large70,,
6331,0111,"Mitsubishi Kakoki Kaisha,Ltd.",TOPIX Small 1,,
6332,0111,"TSUKISHIMA HOLDINGS CO.,LTD.",TOPIX Small 1,,
6349,0111,KOMORI CORPORATION,TOPIX Small 1,,
6361,0111,EBARA CORPORATION,TOPIX Mid400,,
6363,0111,"Torishima Pump Mfg.Co.,Ltd.",TOPIX Small 1,,
6367,0111,"DAIKIN INDUSTRIES,LTD.",TOPIX Core30,,
6368,0111,ORGANO CORPORATION,TOPIX Mid400,,
6370,0111,Kurita Water Industries Ltd.,TOPIX Mid400,,
6371,0111,TSUBAKIMOTO CHAIN CO.,TOPIX Small 1,,
6376,0111,"NIKKISO CO.,LTD.",TOPIX Small 1,,
6383,0111,"DAIFUKU CO.,LTD.",TOPIX Mid400,,
6395,0111,TADANO LTD.,TOPIX Small 1,,
6407,0111,CKD Corporation,TOPIX Small 1,,
6412,0111,Heiwa Corporation,TOPIX Small 1,,
6417,0111,"SANKYO CO.,LTD.",TOPIX Mid400,,
6419,0111,Mars Group Holdings Corporation,TOPIX Small 1,,
6420,0111,GALILEI CO.LTD.,TOPIX Small 1,,
6432,0111,"TAKEUCHI MFG.CO.,LTD.",TOPIX Small 1,,
6436,0111,Amano Corporation,TOPIX Mid400,,
6448,0111,"BROTHER INDUSTRIES,LTD.",TOPIX Mid400,,
6454,0111,"MAX CO.,LTD.",TOPIX Small 1,,
6457,0111,GLORY LTD.,TOPIX Mid400,,
6458,0111,SINKO INDUSTRIES LTD.,TOPIX Small 1,,
6460,0111,SEGA SAMMY HOLDINGS INC.,TOPIX Mid400,,
6463,0111,"TPR CO.,LTD.",TOPIX Small 1,,
6465,0111,HOSHIZAKI CORPORATION,TOPIX Mid400,,
6471,0111,NSK Ltd.,TOPIX Mid400,,
6472,0111,NTN CORPORATION,TOPIX Mid400,,
6473,0111,JTEKT Corporation,TOPIX Mid400,,
6474,0111,NACHI-FUJIKOSHI CORP.,TOPIX Small 1,,
6479,0111,MINEBEA MITSUMI Inc.,TOPIX Mid400,,
6481,0111,"THK CO.,LTD.",TOPIX Mid400,,
6486,0111,"EAGLE INDUSTRY CO.,LTD.",TOPIX Small 1,,
6490,0111,PILLAR Corporation,TOPIX Small 1,,
6498,0111,KITZ CORPORATION,TOPIX Small 1,,
6501,0111,"Hitachi,Ltd.",TOPIX Core30,,
6503,0111,Mitsubishi Electric Corporation,TOPIX Core30,,
6504,0111,"FUJI ELECTRIC CO.,LTD.",TOPIX Mid400,,
6506,0111,YASKAWA Electric Corporation,TOPIX Mid400,,
6507,0111,"SINFONIA TECHNOLOGY CO.,LTD.",TOPIX Small 1,,
6508,0111,MEIDENSHA CORPORATION,TOPIX Small 1,,
6516,0111,"SANYO DENKI CO.,LTD.",TOPIX Small 1,,
6523,0111,PHC Holdings Corporation,TOPIX Small 1,,
6525,0111,KOKUSAI ELECTRIC CORPORATION,TOPIX Mid400,,
6526,0111,Socionext Inc.,TOPIX Mid400,,
6532,0111,"BayCurrent,Inc.",TOPIX Mid400,,
6544,0111,"JAPAN ELEVATOR SERVICE HOLDINGS CO.,LTD.",TOPIX Mid400,,
6586,0111,Makita Corporation,TOPIX Mid400,,
6588,0111,TOSHIBA TEC CORPORATION,TOPIX Small 1,,
6590,0111,SHIBAURA MECHATRONICS CORPORATION,TOPIX Small 1,,
6592,0111,"MABUCHI MOTOR CO.,LTD.",TOPIX Mid400,,
6622,0111,DAIHEN CORPORATION,TOPIX Small 1,,
6630,0111,YA-MAN LTD.,TOPIX Small 1,,
6632,0111,JVCKENWOOD Corporation,TOPIX Mid400,,
6645,0111,OMRON Corporation,TOPIX Mid400,,
6651,0111,NITTO KOGYO CORPORATION,TOPIX Small 1,,
6652,0111,IDEC CORPORATION,TOPIX Small 1,,
6674,0111,GS Yuasa Corporation,TOPIX Mid400,,
6701,0111,NEC Corporation,TOPIX Large70,,
6702,0111,Fujitsu Limited,TOPIX Large70,,
6703,0111,"Oki Electric Industry Company,Limited",TOPIX Small 1,,
6707,0111,"Sanken Electric Co.,Ltd.",TOPIX Mid400,,
6723,0111,Renesas Electronics Corporation,TOPIX Large70,,
6724,0111,SEIKO EPSON CORPORATION,TOPIX Mid400,,
6727,0111,"Wacom Co.,Ltd.",TOPIX Small 1,,
6728,0111,"ULVAC, Inc.",TOPIX Mid400,,
6737,0111,EIZO Corporation,TOPIX Small 1,,
6744,0111,NOHMI BOSAI LTD.,TOPIX Small 1,,
6750,0111,"ELECOM CO.,LTD.",TOPIX Small 1,,
6752,0111,Panasonic Holdings Corporation,TOPIX Large70,,
6753,0111,Sharp Corporation,TOPIX Mid400,,
6754,0111,ANRITSU CORPORATION,TOPIX Mid400,,
6758,0111,SONY GROUP CORPORATION,TOPIX Core30,,
6762,0111,TDK Corporation,TOPIX Large70,,
6768,0111,TAMURA CORPORATION,TOPIX Small 1,,
6770,0111,"ALPS ALPINE CO.,LTD.",TOPIX Mid400,,
6787,0111,"Meiko Electronics Co.,Ltd.",TOPIX Small 1,,
6804,0111,Hosiden Corporation,TOPIX Small 1,,
6806,0111,"HIROSE ELECTRIC CO.,LTD.",TOPIX Mid400,,
6807,0111,"Japan Aviation Electronics Industry,Limited",TOPIX Small 1,,
6810,0111,"Maxell,Ltd.",TOPIX Small 1,,
6814,0111,"FURUNO ELECTRIC CO.,LTD.",TOPIX Small 1,,
6841,0111,YOKOGAWA ELECTRIC CORPORATION,TOPIX Mid400,,
6845,0111,Azbil Corporation,TOPIX Mid400,,
6849,0111,NIHON KOHDEN CORPORATION,TOPIX Mid400,,
6856,0111,"HORIBA,Ltd.",TOPIX Mid400,,
6857,0111,ADVANTEST CORPORATION,TOPIX Core30,,
6859,0111,ESPEC CORP.,TOPIX Small 1,,
6861,0111,KEYENCE CORPORATION,TOPIX Core30,,
6866,0111,HIOKI E.E.CORPORATION,TOPIX Small 1,,
6869,0111,SYSMEX CORPORATION,TOPIX Mid400,,
6871,0111,"MICRONICS JAPAN CO.,LTD.",TOPIX Small 1,,
6875,0111,MegaChips Corporation,TOPIX Small 1,,
6902,0111,DENSO CORPORATION,TOPIX Large70,,
6908,0111,"IRISO ELECTRONICS CO.,LTD.",TOPIX Small 1,,
6914,0111,"OPTEX GROUP Company,Limited",TOPIX Small 1,,
6920,0111,Lasertec Corporation,TOPIX Large70,,
6923,0111,"Stanley Electric Co.,Ltd.",TOPIX Mid400,,
6925,0111,USHIO INC.,TOPIX Mid400,,
6929,0111,"NIPPON CERAMIC CO.,LTD.",TOPIX Small 1,,
6941,0111,"YAMAICHI ELECTRONICS CO.,LTD.",TOPIX Small 1,,
6947,0111,ZUKEN INC.,TOPIX Small 1,,
6951,0111,JEOL Ltd.,TOPIX Mid400,,
6952,0111,"CASIO COMPUTER CO.,LTD.",TOPIX Mid400,,
6954,0111,FANUC CORPORATION,TOPIX Large70,,
6963,0111,ROHM COMPANY LIMITED,TOPIX Mid400,,
6965,0111,HAMAMATSU PHOTONICS K.K.,TOPIX Mid400,,
6966,0111,"Mitsui High-tec,Inc.",TOPIX Small 1,,
6971,0111,KYOCERA CORPORATION,TOPIX Large70,,
6976,0111,"TAIYO YUDEN CO.,LTD.",TOPIX Mid400,,
6981,0111,"Murata Manufacturing Co.,Ltd.",TOPIX Large70,,
6988,0111,NITTO DENKO CORPORATION,TOPIX Mid400,,
6995,0111,"TOKAI RIKA CO.,LTD.",TOPIX Small 1,,
6996,0111,NICHICON CORPORATION,TOPIX Small 1,,
6999,0111,KOA CORPORATION,TOPIX Small 1,,
7003,0111,"MITSUI E&S Co.,Ltd.",TOPIX Mid400,,
7004,0111,Kanadevia Corporation,TOPIX Small 1,,
7011,0111,"Mitsubishi Heavy Industries,Ltd.",TOPIX Core30,,
7012,0111,"Kawasaki Heavy Industries,Ltd.",TOPIX Mid400,,
7013,0111,IHI Corporation,TOPIX Mid400,,
7014,0112,"Namura Shipbuilding Co.,Ltd.",TOPIX Small 1,,
7085,0111,"CURVES HOLDINGS Co.,Ltd.",TOPIX Small 1,,
7128,0111,UNISOL Holdings Corporation,TOPIX Small 1,,
7130,0111,"YAMAE GROUP HOLDINGS CO.,LTD.",TOPIX Small 1,,
7148,0111,"Financial Partners Group Co.,Ltd.",TOPIX Small 1,,
7157,0111,LIFENET INSURANCE COMPANY,TOPIX Small 1,,
7164,0111,"ZENKOKU HOSHO Co.,Ltd.",TOPIX Mid400,,
7167,0111,"Mebuki Financial Group,Inc.",TOPIX Mid400,,
7172,0111,"Japan Investment Adviser Co.,Ltd.",TOPIX Small 1,,
7173,0111,"Tokyo Kiraboshi Financial Group,Inc.",TOPIX Small 1,,
7180,0111,"Kyushu Financial Group,Inc.",TOPIX Mid400,,
7181,0111,"JAPAN POST INSURANCE Co.,Ltd.",TOPIX Mid400,,
7182,0111,"JAPAN POST BANK Co.,Ltd.",TOPIX Large70,,
7184,0111,"THE FIRST BANK OF TOYAMA,LTD.",TOPIX Small 1,,
7186,0111,"Yokohama Financial Group,Inc.",TOPIX Mid400,,
7189,0111,"Nishi-Nippon Financial Holdings,Inc.",TOPIX Mid400,,
7199,0111,"Premium Group Co.,Ltd.",TOPIX Small 1,,
7201,0111,"NISSAN MOTOR CO.,LTD.",TOPIX Mid400,,
7202,0111,ISUZU MOTORS LIMITED,TOPIX Mid400,,
7203,0111,TOYOTA MOTOR CORPORATION,TOPIX Core30,,
7211,0111,MITSUBISHI MOTORS CORPORATION,TOPIX Mid400,,
7220,0111,"MUSASHI SEIMITSU INDUSTRY CO.,LTD.",TOPIX Small 1,,
7224,0111,"ShinMaywa Industries,LTD.",TOPIX Small 1,,
7226,0111,"KYOKUTO KAIHATSU KOGYO CO.,LTD.",TOPIX Small 1,,
7239,0111,"TACHI-S CO.,LTD.",TOPIX Small 1,,
7240,0111,NOK CORPORATION,TOPIX Mid400,,
7241,0111,"FUTABA INDUSTRIAL CO.,LTD.",TOPIX Small 1,,
7242,0111,KYB Corporation,TOPIX Small 1,,
7246,0111,"PRESS KOGYO CO.,LTD.",TOPIX Small 1,,
7259,0111,AISIN CORPORATION,TOPIX Mid400,,
7261,0111,Mazda Motor Corporation,TOPIX Mid400,,
7267,0111,"HONDA MOTOR CO.,LTD.",TOPIX Core30,,
7269,0111,SUZUKI MOTOR CORPORATION,TOPIX Large70,,
7270,0111,SUBARU CORPORATION,TOPIX Large70,,
7272,0111,"Yamaha Motor Co.,Ltd.",TOPIX Mid400,,
7276,0111,"KOITO MANUFACTURING CO.,LTD.",TOPIX Mid400,,
7278,0111,EXEDY Corporation,TOPIX Small 1,,
7280,0111,MITSUBA Corporation,TOPIX Small 1,,
7282,0111,"TOYODA GOSEI CO.,LTD.",TOPIX Mid400,,
7283,0111,"AISAN INDUSTRY CO.,LTD.",TOPIX Small 1,,
7296,0111,"F.C.C.CO.,LTD.",TOPIX Small 1,,
7309,0111,SHIMANO INC.,TOPIX Large70,,
7313,0111,"TS TECH CO.,LTD.",TOPIX Mid400,,
7327,0111,"Daishi Hokuetsu Financial Group,Inc.",TOPIX Small 1,,
7337,0111,"Hirogin Holdings,Inc.",TOPIX Mid400,,
7350,0111,"Okinawa Financial Group,Inc.",TOPIX Small 1,,
7380,0111,"Juroku Financial Group,Inc.",TOPIX Small 1,,
7381,0111,"CCI Group,Inc.",TOPIX Small 1,,
7383,0111,"Net Protections Holdings,Inc.",TOPIX Small 1,,
7389,0111,"Aichi Financial Group,Inc.",TOPIX Small 1,,
7419,0111,"Nojima Co.,Ltd.",TOPIX Small 1,,
7421,0111,"KAPPA・CREATE CO.,LTD.",TOPIX Small 1,,
7433,0111,"Hakuto Co.,Ltd.",TOPIX Small 1,,
7453,0111,"RYOHIN KEIKAKU CO.,LTD.",TOPIX Mid400,,
7456,0111,"MATSUDA SANGYO Co.,Ltd.",TOPIX Small 1,,
7458,0111,"DAIICHIKOSHO CO.,LTD.",TOPIX Mid400,,
7459,0111,MEDIPAL HOLDINGS CORPORATION,TOPIX Mid400,,
7476,0111,AS ONE CORPORATION,TOPIX Mid400,,
7512,0112,Aeon Hokkaido Corporation,TOPIX Small 1,,
7513,0111,"Kojima Co.,Ltd.",TOPIX Small 1,,
7516,0111,"KOHNAN SHOJI CO.,LTD.",TOPIX Small 1,,
7532,0111,Pan Pacific International Holdings Corporation,TOPIX Mid400,,
7545,0111,"NISHIMATSUYA CHAIN Co.,Ltd.",TOPIX Small 1,,
7550,0111,"ZENSHO HOLDINGS CO.,LTD.",TOPIX Mid400,,
7552,0111,HAPPINET CORPORATION,TOPIX Small 1,,
7575,0111,"Japan Lifeline Co.,Ltd.",TOPIX Small 1,,
7581,0111,"SAIZERIYA CO.,LTD.",TOPIX Small 1,,
7593,0111,"VT HOLDINGS CO.,LTD.",TOPIX Small 1,,
7595,0111,ARGO GRAPHICS Inc.,TOPIX Small 1,,
7599,0111,IDOM Inc.,TOPIX Small 1,,
7606,0111,UNITED ARROWS LTD.,TOPIX Small 1,,
7611,0111,HIDAY HIDAKA Corp.,TOPIX Small 1,,
7613,0111,SIIX CORPORATION,TOPIX Small 1,,
7616,0111,"COLOWIDE CO.,LTD.",TOPIX Mid400,,
7630,0111,"ICHIBANYA CO.,LTD.",TOPIX Small 1,,
7649,0111,"SUGI HOLDINGS Co.,LTD.",TOPIX Mid400,,
7701,0111,Shimadzu Corporation,TOPIX Mid400,,
7721,0111,TOKYO KEIKI INC.,TOPIX Small 1,,
7729,0111,"TOKYO SEIMITSU CO.,LTD.",TOPIX Mid400,,
7730,0111,"MANI,INC.",TOPIX Small 1,,
7731,0111,NIKON CORPORATION,TOPIX Mid400,,
7733,0111,OLYMPUS CORPORATION,TOPIX Large70,,
7734,0111,"RIKEN KEIKI CO.,LTD.",TOPIX Small 1,,
7735,0111,"SCREEN Holdings Co.,Ltd.",TOPIX Mid400,,
7740,0111,"Tamron Co.,Ltd.",TOPIX Small 1,,
7741,0111,HOYA CORPORATION,TOPIX Core30,,
7744,0111,"Noritsu Koki Co.,Ltd.",TOPIX Small 1,,
7745,0111,"A&D HOLON Holdings Company,Limited",TOPIX Small 1,,
7747,0111,"ASAHI INTECC CO.,LTD.",TOPIX Mid400,,
7751,0111,CANON INC.,TOPIX Large70,,
7752,0111,"RICOH COMPANY,LTD.",TOPIX Mid400,,
7762,0111,"Citizen Watch Co.,Ltd.",TOPIX Small 1,,
7780,0111,"Menicon Co.,Ltd.",TOPIX Small 1,,
7821,0111,"MAEDA KOSEN CO.,LTD.",TOPIX Small 1,,
7826,0111,"FURUYA METAL CO.,LTD.",TOPIX Small 1,,
7832,0111,Bandai Namco Holdings Inc.,TOPIX Large70,,
7839,0111,"SHOEI CO.,LTD.",TOPIX Small 1,,
7846,0111,PILOT CORPORATION,TOPIX Mid400,,
7860,0111,Avex Inc.,TOPIX Small 1,,
7864,0111,"FUJI SEAL INTERNATIONAL,INC.",TOPIX Small 1,,
7867,0111,"TOMY COMPANY,LTD.",TOPIX Mid400,,
7911,0111,TOPPAN Holdings Inc.,TOPIX Mid400,,
7912,0111,"Dai Nippon Printing Co.,Ltd.",TOPIX Mid400,,
7915,0111,"Nissha Co.,Ltd.",TOPIX Small 1,,
7936,0111,ASICS Corporation,TOPIX Large70,,
7943,0111,NICHIHA CORPORATION,TOPIX Small 1,,
7944,0111,Roland Corporation,TOPIX Small 1,,
7947,0111,FP CORPORATION,TOPIX Small 1,,
7951,0111,YAMAHA CORPORATION,TOPIX Mid400,,
7956,0111,PIGEON CORPORATION,TOPIX Mid400,,
7965,0111,Zojirushi Corporation,TOPIX Small 1,,
7966,0111,LINTEC Corporation,TOPIX Small 1,,
7970,0111,"Shin-Etsu Polymer Co.,Ltd.",TOPIX Small 1,,
7972,0111,ITOKI CORPORATION,TOPIX Small 1,,
7974,0111,"Nintendo Co.,Ltd.",TOPIX Core30,,
7976,0111,"MITSUBISHI PENCIL COMPANY,LIMITED",TOPIX Small 1,,
7981,0111,"TAKARA STANDARD CO.,LTD.",TOPIX Small 1,,
7984,0111,"KOKUYO CO.,LTD.",TOPIX Mid400,,
7988,0111,NIFCO INC.,TOPIX Mid400,,
7990,0111,"GLOBERIDE,Inc.",TOPIX Small 1,,
7994,0111,OKAMURA CORPORATION,TOPIX Small 1,,
7995,0111,"VALQUA,LTD.",TOPIX Small 1,,
8001,0111,ITOCHU Corporation,TOPIX Core30,,
8002,0111,Marubeni Corporation,TOPIX Large70,,
8008,0111,YONDOSHI HOLDINGS INC.,TOPIX Small 1,,
8012,0111,"NAGASE & CO.,LTD.",TOPIX Mid400,,
8015,0111,TOYOTA TSUSHO CORPORATION,TOPIX Large70,,
8016,0111,"ONWARD HOLDINGS CO.,LTD.",TOPIX Small 1,,
8020,0111,KANEMATSU CORPORATION,TOPIX Mid400,,
8022,0111,Mizuno Corporation,TOPIX Small 1,,
8031,0111,"MITSUI & CO.,LTD.",TOPIX Core30,,
8035,0111,Tokyo Electron Limited,TOPIX Core30,,
8050,0111,SEIKO GROUP CORPORATION,TOPIX Small 1,,
8051,0111,YAMAZEN CORPORATION,TOPIX Small 1,,
8053,0111,"SUMITOMO CORPORATION (SUMITOMO SHOJI KAISHA,LTD.)",TOPIX Large70,,
8056,0111,BIPROGY Inc.,TOPIX Mid400,,
8057,0111,"UCHIDA YOKO CO.,LTD.",TOPIX Small 1,,
8058,0111,Mitsubishi Corporation,TOPIX Core30,,
8060,0111,Canon Marketing Japan Inc.,TOPIX Mid400,,
8061,0111,SEIKA CORPORATION,TOPIX Small 1,,
8074,0111,"YUASA CO.,LTD.",TOPIX Small 1,,
8078,0111,"HANWA CO.,LTD.",TOPIX Small 1,,
8079,0111,SHOEI FOODS CORPORATION,TOPIX Small 1,,
8086,0111,NIPRO CORPORATION,TOPIX Mid400,,
8088,0111,IWATANI  CORPORATION,TOPIX Mid400,,
8097,0111,"SAN-AI OBBLI CO.,LTD.",TOPIX Small 1,,
8098,0111,"Inabata & Co.,Ltd.",TOPIX Small 1,,
8111,0111,Goldwin Inc.,TOPIX Mid400,,
8113,0111,UNICHARM CORPORATION,TOPIX Large70,,
8125,0111,"Wakita & Co.,LTD.",TOPIX Small 1,,
8129,0111,"TOHO HOLDINGS CO.,LTD.",TOPIX Mid400,,
8130,0111,Sangetsu Corporation,TOPIX Small 1,,
8133,0111,"ITOCHU ENEX CO.,LTD.",TOPIX Small 1,,
8136,0111,"Sanrio Company,Ltd.",TOPIX Mid400,,
8153,0111,"MOS FOOD SERVICES,INC.",TOPIX Small 1,,
8154,0111,"KAGA ELECTRONICS CO.,LTD.",TOPIX Small 1,,
8160,0111,"KISOJI CO.,LTD.",TOPIX Small 1,,
8173,0111,Joshin Corporation,TOPIX Small 1,,
8174,0111,"NIPPON GAS CO.,LTD.",TOPIX Mid400,,
8179,0111,"ROYAL HOLDINGS Co., Ltd.",TOPIX Small 1,,
8194,0111,LIFE CORPORATION,TOPIX Small 1,,
8200,0111,"RINGER HUT CO.,LTD.",TOPIX Small 1,,
8214,0111,AOKI Holdings Inc.,TOPIX Small 1,,
8218,0111,"KOMERI CO.,LTD.",TOPIX Small 1,,
8219,0111,"AOYAMA TRADING Co.,Ltd.",TOPIX Small 1,,
8227,0111,"SHIMAMURA Co.,Ltd.",TOPIX Mid400,,
8233,0111,"Takashimaya Company,Limited",TOPIX Mid400,,
8237,0111,"MATSUYA CO.,LTD.",TOPIX Small 1,,
8242,0111,H2O RETAILING CORPORATION,TOPIX Mid400,,
8252,0111,"MARUI GROUP CO.,LTD.",TOPIX Mid400,,
8253,0111,"Credit Saison Co.,Ltd.",TOPIX Mid400,,
8267,0111,"AEON CO.,LTD.",TOPIX Large70,,
8273,0111,"IZUMI CO.,LTD.",TOPIX Small 1,,
8276,0111,"HEIWADO CO.,LTD.",TOPIX Small 1,,
8278,0111,"FUJI CO.,LTD.",TOPIX Small 1,,
8281,0111,"XEBIO holdings CO.,LTD.",TOPIX Small 1,,
8282,0111,K'S HOLDINGS CORPORATION,TOPIX Mid400,,
8283,0111,PALTAC CORPORATION,TOPIX Mid400,,
8303,0111,"SBI Shinsei Bank,Limited",TOPIX Mid400,,
8304,0111,"Aozora Bank,Ltd.",TOPIX Mid400,,
8306,0111,"Mitsubishi UFJ Financial Group,Inc.",TOPIX Core30,,
8308,0111,"Resona Holdings, Inc.",TOPIX Large70,,
8309,0111,"Sumitomo Mitsui Trust Group,Inc.",TOPIX Large70,,
8316,0111,"Sumitomo Mitsui Financial Group,Inc.",TOPIX Core30,,
8331,0111,"The Chiba Bank,Ltd.",TOPIX Mid400,,
8334,0111,"The Gunma Bank,Ltd.",TOPIX Mid400,,
8336,0111,"The Musashino Bank,Ltd.",TOPIX Small 1,,
8337,0111,"The Chiba Kogyo Bank,Ltd.",TOPIX Small 1,,
8341,0111,"The 77 Bank,Ltd.",TOPIX Mid400,,
8346,0111,"The Toho Bank,Ltd.",TOPIX Small 1,,
8354,0111,"Fukuoka Financial Group,Inc.",TOPIX Mid400,,
8358,0111,Suruga Bank Ltd.,TOPIX Small 1,,
8359,0111,"Hachijuni Nagano Bank,Ltd.",TOPIX Mid400,,
8360,0111,"The Yamanashi Chuo Bank,Ltd.",TOPIX Small 1,,
8361,0111,"The Ogaki Kyoritsu Bank,Ltd.",TOPIX Small 1,,
8366,0111,"THE SHIGA BANK,LTD.",TOPIX Small 1,,
8367,0111,"The Nanto Bank,Ltd.",TOPIX Small 1,,
8368,0111,"The Hyakugo Bank,Ltd.",TOPIX Small 1,,
8370,0111,"The Kiyo Bank,Ltd.",TOPIX Small 1,,
8377,0111,"Hokuhoku Financial Group, Inc.",TOPIX Mid400,,
8381,0111,"The San-in Godo Bank,Ltd.",TOPIX Small 1,,
8386,0111,"The Hyakujushi Bank,Ltd.",TOPIX Small 1,,
8388,0111,"The Awa Bank,Ltd.",TOPIX Small 1,,
8399,0111,"Bank of The Ryukyus,Limited",TOPIX Small 1,,
8410,0111,"Seven Bank,Ltd.",TOPIX Mid400,,
8411,0111,"Mizuho Financial Group,Inc.",TOPIX Core30,,
8418,0111,"Yamaguchi Financial Group,Inc.",TOPIX Mid400,,
8424,0111,"Fuyo General Lease Co.,Ltd.",TOPIX Mid400,,
8425,0111,"Mizuho Leasing Company,Limited",TOPIX Small 1,,
8439,0111,Tokyo Century Corporation,TOPIX Mid400,,
8473,0111,"SBI Holdings,Inc.",TOPIX Mid400,,
8511,0111,"Japan Securities Finance Co.,Ltd.",TOPIX Small 1,,
8522,0111,"The Bank of Nagoya,Ltd.",TOPIX Small 1,,
8524,0111,"North Pacific Bank,Ltd.",TOPIX Small 1,,
8544,0111,"The Keiyo Bank,Ltd.",TOPIX Small 1,,
8566,0111,"RICOH LEASING COMPANY,LTD.",TOPIX Small 1,,
8570,0111,"AEON Financial Service Co.,Ltd.",TOPIX Mid400,,
8572,0112,"ACOM CO.,LTD.",TOPIX Mid400,,
8584,0111,"JACCS CO.,LTD.",TOPIX Small 1,,
8585,0111,Orient Corporation,TOPIX Small 1,,
8591,0111,ORIX CORPORATION,TOPIX Large70,,
8593,0111,Mitsubishi HC Capital Inc.,TOPIX Mid400,,
8595,0111,"JAFCO Group Co.,Ltd.",TOPIX Mid400,,
8600,0111,"TOMONY Holdings,Inc.",TOPIX Small 1,,
8601,0111,Daiwa Securities Group Inc.,TOPIX Mid400,,
8604,0111,"Nomura Holdings, Inc.",TOPIX Large70,,
8609,0111,OKASAN SECURITIES GROUP INC.,TOPIX Small 1,,
8613,0111,"Marusan Securities Co.,Ltd.",TOPIX Small 1,,
8616,0111,"Tokai Tokyo Financial Holdings,Inc.",TOPIX Small 1,,
8628,0111,"MATSUI SECURITIES CO.,LTD.",TOPIX Small 1,,
8630,0111,"Sompo Holdings,Inc.",TOPIX Large70,,
8697,0111,"Japan Exchange Group,Inc.",TOPIX Large70,,
8698,0111,"Monex Group,Inc.",TOPIX Small 1,,
8706,0111,"KYOKUTO SECURITIES CO.,LTD.",TOPIX Small 1,,
8707,0111,"IwaiCosmo Holdings,Inc.",TOPIX Small 1,,
8714,0111,"Senshu Ikeda Holdings,Inc.",TOPIX Small 1,,
8715,0111,"Anicom Holdings,Inc.",TOPIX Small 1,,
8725,0111,"MS&AD Insurance Group Holdings,Inc.",TOPIX Large70,,
8729,0111,Sony Financial Group Inc.,TOPIX Core30,,
8750,0111,"Daiichi Life Group,Inc.",TOPIX Large70,,
8766,0111,"Tokio Marine Holdings,Inc.",TOPIX Core30,,
8771,0111,"eGuarantee,Inc.",TOPIX Small 1,,
8795,0111,"T&D Holdings, Inc.",TOPIX Mid400,,
8801,0111,"Mitsui Fudosan Co.,Ltd.",TOPIX Large70,,
8802,0111,"Mitsubishi Estate Company,Limited",TOPIX Large70,,
8803,0111,"HEIWA REAL ESTATE CO.,LTD.",TOPIX Small 1,,
8804,0111,"Tokyo Tatemono Co.,Ltd.",TOPIX Mid400,,
8830,0111,"Sumitomo Realty & Development Co.,Ltd.",TOPIX Large70,,
8848,0111,LEOPALACE21 CORPORATION,TOPIX Small 1,,
8850,0111,STARTS CORPORATION INC.,TOPIX Small 1,,
8871,0112,"GOLDCREST Co.,Ltd.",TOPIX Small 1,,
8876,0111,"Relo Group,Inc.",TOPIX Mid400,,
8892,0111,ES-CON JAPAN Ltd.,TOPIX Small 1,,
8897,0111,"MIRARTH HOLDINGS,Inc.",TOPIX Small 1,,
8919,0111,"KATITAS CO.,LTD",TOPIX Small 1,,
8923,0111,TOSEI CORPORATION,TOPIX Small 1,,
8934,0111,"Sun Frontier Fudousan Co.,Ltd.",TOPIX Small 1,,
9001,0111,"TOBU RAILWAY CO.,LTD.",TOPIX Mid400,,
9003,0111,"Sotetsu Holdings,Inc.",TOPIX Mid400,,
9005,0111,TOKYU CORPORATION,TOPIX Mid400,,
9006,0111,Keikyu Corporation,TOPIX Mid400,,
9007,0111,"Odakyu Electric Railway Co.,Ltd.",TOPIX Mid400,,
9008,0111,Keio Corporation,TOPIX Mid400,,
9009,0111,"Keisei Electric Railway Co.,Ltd.",TOPIX Mid400,,
9010,0111,"FUJI KYUKO CO.,LTD.",TOPIX Small 1,,
9020,0111,East Japan Railway Company,TOPIX Large70,,
9021,0111,West Japan Railway Company,TOPIX Large70,,
9022,0111,Central Japan Railway Company,TOPIX Large70,,
9023,0111,"Tokyo Metro Co.,Ltd.",TOPIX Mid400,,
9024,0111,SEIBU HOLDINGS INC.,TOPIX Mid400,,
9025,0111,"Konoike Transport Co.,Ltd.",TOPIX Small 1,,
9031,0111,"Nishi-Nippon Railroad Co.,Ltd.",TOPIX Mid400,,
9037,0111,"HAMAKYOREX CO.,LTD.",TOPIX Small 1,,
9039,0111,"Sakai Moving Service Co.,Ltd.",TOPIX Small 1,,
9041,0111,"Kintetsu Group Holdings Co.,Ltd.",TOPIX Mid400,,
9042,0111,"Hankyu Hanshin Holdings,Inc.",TOPIX Mid400,,
9044,0111,"NANKAI Co.,Ltd.",TOPIX Mid400,,
9045,0111,"Keihan Holdings Co.,Ltd.",TOPIX Mid400,,
9048,0111,"Nagoya Railroad Co., Ltd.",TOPIX Mid400,,
9064,0111,"YAMATO HOLDINGS CO.,LTD.",TOPIX Mid400,,
9065,0111,SANKYU INC.,TOPIX Mid400,,
9068,0111,"Maruzen Showa Unyu Co.,Ltd.",TOPIX Small 1,,
9069,0111,"SENKO Group Holdings Co.,Ltd.",TOPIX Mid400,,
9072,0111,"NIKKON Holdings Co.,Ltd.",TOPIX Mid400,,
9075,0111,"FUKUYAMA TRANSPORTING CO.,LTD.",TOPIX Small 1,,
9076,0111,"SEINO HOLDINGS CO.,LTD.",TOPIX Mid400,,
9090,0111,AZ-COM MARUWA Holdings Inc.,TOPIX Small 1,,
9101,0111,Nippon Yusen Kabushiki Kaisha,TOPIX Large70,,
9104,0111,"Mitsui O.S.K.Lines,Ltd.",TOPIX Large70,,
9107,0111,"Kawasaki Kisen Kaisha,Ltd.",TOPIX Mid400,,
9110,0111,"NS United Kaiun Kaisha,Ltd.",TOPIX Small 1,,
9119,0111,"IINO KAIUN KAISHA,LTD.",TOPIX Small 1,,
9142,0111,Kyushu Railway Company,TOPIX Mid400,,
9143,0111,"SG HOLDINGS CO.,LTD.",TOPIX Mid400,,
9147,0111,"NIPPON EXPRESS HOLDINGS,INC.",TOPIX Mid400,,
9201,0111,"Japan Airlines Co.,Ltd.",TOPIX Mid400,,
9202,0111,ANA HOLDINGS INC.,TOPIX Large70,,
9247,0111,TRE HOLDINGS CORPORATION,TOPIX Small 1,,
9267,0111,"Genky DrugStores Co.,Ltd.",TOPIX Small 1,,
9274,0111,"KPP GROUP HOLDINGS CO.,LTD.",TOPIX Small 1,,
9301,0111,Mitsubishi Logistics Corporation,TOPIX Mid400,,
9302,0111,"MITSUI-SOKO HOLDINGS Co.,Ltd.",TOPIX Mid400,,
9303,0111,"The Sumitomo Warehouse Co.,Ltd.",TOPIX Small 1,,
9336,0111,"Daiei Kankyo Co.,Ltd.",TOPIX Small 1,,
9364,0111,"Kamigumi Co.,Ltd.",TOPIX Mid400,,
9401,0111,"TBS HOLDINGS,INC.",TOPIX Mid400,,
9404,0111,"Nippon Television Holdings,Inc.",TOPIX Mid400,,
9409,0111,TV Asahi Holdings Corporation,TOPIX Small 1,,
9412,0111,SKY Perfect JSAT Corporation,TOPIX Small 1,,
9413,0111,TV TOKYO Holdings Corporation,TOPIX Small 1,,
9416,0111,VISION INC.,TOPIX Small 1,,
9418,0111,"U-NEXT HOLDINGS Co.,Ltd.",TOPIX Small 1,,
9432,0111,"NTT,Inc.",TOPIX Core30,,
9433,0111,KDDI CORPORATION,TOPIX Core30,,
9434,0111,SoftBank Corp.,TOPIX Core30,,
9435,0111,"HIKARI TSUSHIN,INC.",TOPIX Mid400,,
9449,0111,"GMO internet group,Inc.",TOPIX Mid400,,
9468,0111,KADOKAWA CORPORATION,TOPIX Mid400,,
9501,0111,"Tokyo Electric Power Company Holdings,Incorporated",TOPIX Mid400,,
9502,0111,"Chubu Electric Power Company,Incorporated",TOPIX Mid400,,
9503,0111,"The Kansai Electric Power Company,Incorporated",TOPIX Mid400,,
9504,0111,"The Chugoku Electric Power Company,Incorporated",TOPIX Mid400,,
9505,0111,Hokuriku Electric Power Company,TOPIX Mid400,,
9506,0111,"Tohoku Electric Power Company,Incorporated",TOPIX Mid400,,
9507,0111,"Shikoku Electric Power Company,Incorporated",TOPIX Mid400,,
9508,0111,"Kyushu Electric Power Company,Incorporated",TOPIX Mid400,,
9509,0111,"Hokkaido Electric Power Company,Incorporated",TOPIX Mid400,,
9511,0111,"The Okinawa Electric Power Company,Incorporated",TOPIX Small 1,,
9513,0111,"Electric Power Development Co.,Ltd.",TOPIX Mid400,,
9519,0111,"RENOVA,Inc.",TOPIX Small 1,,
9531,0111,"TOKYO GAS CO.,LTD.",TOPIX Mid400,,
9532,0111,"OSAKA GAS CO.,LTD.",TOPIX Mid400,,
9533,0111,"TOHO GAS CO.,LTD.",TOPIX Mid400,,
9543,0111,"SHIZUOKA GAS CO.,LTD.",TOPIX Small 1,,
9551,0111,"METAWATER Co.,Ltd.",TOPIX Small 1,,
9552,0111,"Quants Research Institute Holdings,Inc.",TOPIX Small 1,,
9601,0111,"Shochiku Co.,Ltd.",TOPIX Small 1,,
9602,0111,"TOHO CO.,LTD",TOPIX Mid400,,
9603,0111,"H.I.S.Co.,Ltd.",TOPIX Small 1,,
9605,0111,"TOEI COMPANY,LTD.",TOPIX Small 1,,
9616,0111,"KYORITSU MAINTENANCE CO.,LTD.",TOPIX Mid400,,
9621,0111,"CTI Engineering Co.,Ltd.",TOPIX Small 1,,
9627,0111,AIN HOLDINGS INC.,TOPIX Mid400,,
9672,0111,"TOKYOTOKEIBA CO.,LTD.",TOPIX Small 1,,
9678,0111,"KANAMOTO CO.,LTD.",TOPIX Small 1,,
9682,0111,DTS CORPORATION,TOPIX Small 1,,
9684,0111,"SQUARE ENIX HOLDINGS CO.,LTD.",TOPIX Mid400,,
9692,0111,COMPUTER ENGINEERING & CONSULTING LTD.,TOPIX Small 1,,
9697,0111,"CAPCOM CO.,LTD.",TOPIX Mid400,,
9699,0111,"NISHIO HOLDINGS CO.,LTD.",TOPIX Small 1,,
9706,0111,"Japan Airport Terminal Co.,ltd.",TOPIX Mid400,,
9715,0111,transcosmos inc.,TOPIX Small 1,,
9716,0111,"NOMURA Co.,Ltd.",TOPIX Small 1,,
9722,0111,FUJITA KANKO INC.,TOPIX Small 1,,
9735,0111,"SECOM CO.,LTD.",TOPIX Large70,,
9743,0111,"TANSEISHA CO.,LTD.",TOPIX Small 1,,
9744,0111,MEITEC Group Holdings Inc.,TOPIX Mid400,,
9746,0111,TKC Corporation,TOPIX Small 1,,
9757,0111,Funai Soken Holdings Incorporated,TOPIX Small 1,,
9759,0111,"NSD CO.,LTD.",TOPIX Mid400,,
9766,0111,KONAMI GROUP CORPORATION,TOPIX Mid400,,
9793,0111,"Daiseki Co.,Ltd.",TOPIX Small 1,,
9824,0111,"SENSHU ELECTRIC CO.,LTD.",TOPIX Small 1,,
9828,0112,Genki Global Dining Concepts Corporation,TOPIX Small 1,,
9830,0111,TRUSCO NAKAYAMA CORPORATION,TOPIX Small 1,,
9831,0111,"YAMADA HOLDINGS CO.,LTD.",TOPIX Mid400,,
9832,0111,"AUTOBACS SEVEN CO.,LTD.",TOPIX Small 1,,
9842,0111,ARCLANDS CORPORATION,TOPIX Small 1,,
9843,0111,"Nitori Holdings Co.,Ltd.",TOPIX Mid400,,
9861,0111,"YOSHINOYA HOLDINGS CO.,LTD.",TOPIX Mid400,,
9869,0111,"KATO SANGYO CO.,LTD.",TOPIX Small 1,,
9882,0111,YELLOW HAT LTD.,TOPIX Small 1,,
9887,0111,"MATSUYA FOODS HOLDINGS CO.,LTD.",TOPIX Small 1,,
9889,0111,JBCC Holdings Inc.,TOPIX Small 1,,
9900,0111,Sagami Holdings Corporation,TOPIX Small 1,,
9934,0111,"INABA DENKISANGYO CO.,LTD.",TOPIX Mid400,,
9936,0111,OHSHO FOOD SERVICE CORP.,TOPIX Small 1,,
9948,0111,"ARCS COMPANY,LIMITED",TOPIX Small 1,,
9956,0111,"VALOR HOLDINGS CO.,LTD.",TOPIX Small 1,,
9960,0111,TOTECH CORPORATION,TOPIX Small 1,,
9962,0111,MISUMI Group Inc.,TOPIX Mid400,,
9974,0111,"Belc CO.,LTD.",TOPIX Small 1,,
9983,0111,"FAST RETAILING CO.,LTD.",TOPIX Core30,,
9984,0111,SoftBank Group Corp.,TOPIX Core30,,
9987,0111,"SUZUKEN CO.,LTD.",TOPIX Mid400,,
9989,0111,"SUNDRUG CO.,LTD.",TOPIX Mid400,,
9997,0111,"BELLUNA CO.,LTD.",TOPIX Small 1,,
